timestamp,open,high,low,close
2026-01-13 05:00:00,4605.60009765625,4607.7998046875,4605.5,4606.2998046875
2026-01-13 05:05:00,4606.10009765625,4606.10009765625,4600.7001953125,4602.89990234375
2026-01-13 05:10:00,4603.10009765625,4604.2001953125,4601.0,4603.2001953125
2026-01-13 05:15:00,4603.60009765625,4605.5,4603.2998046875,4603.7998046875
2026-01-13 05:20:00,4603.7001953125,4607.10009765625,4603.7001953125,4606.89990234375
2026-01-13 05:25:00,4606.7998046875,4610.5,4606.7998046875,4610.39990234375
2026-01-13 05:30:00,4610.2998046875,4611.2001953125,4594.0,4599.2001953125
2026-01-13 05:35:00,4599.5,4600.0,4594.7001953125,4599.0
2026-01-13 05:40:00,4598.7001953125,4603.39990234375,4597.7001953125,4602.7001953125
2026-01-13 05:45:00,4602.39990234375,4604.7998046875,4600.7998046875,4601.5
2026-01-13 05:50:00,4601.2001953125,4604.0,4599.5,4602.0
2026-01-13 05:55:00,4602.10009765625,4603.0,4600.7001953125,4600.7001953125
2026-01-13 06:00:00,4600.5,4600.5,4598.10009765625,4600.2998046875
2026-01-13 06:05:00,4599.60009765625,4600.7998046875,4596.39990234375,4597.2001953125
2026-01-13 06:10:00,4597.2001953125,4599.89990234375,4596.2998046875,4598.7998046875
2026-01-13 06:15:00,4598.89990234375,4598.89990234375,4596.0,4597.39990234375
2026-01-13 06:20:00,4597.2998046875,4599.5,4593.39990234375,4595.5
2026-01-13 06:25:00,4595.39990234375,4595.89990234375,4591.2998046875,4593.7998046875
2026-01-13 06:30:00,4593.89990234375,4595.2001953125,4588.10009765625,4592.89990234375
2026-01-13 06:35:00,4593.0,4593.60009765625,4586.0,4587.10009765625
2026-01-13 06:40:00,4586.7001953125,4587.10009765625,4582.7998046875,4585.39990234375
2026-01-13 06:45:00,4585.7001953125,4589.2998046875,4584.5,4589.10009765625
2026-01-13 06:50:00,4589.0,4592.60009765625,4589.0,4589.7998046875
2026-01-13 06:55:00,4589.5,4590.89990234375,4587.7001953125,4590.5
2026-01-13 07:00:00,4590.7998046875,4592.5,4587.89990234375,4590.5
2026-01-13 07:05:00,4590.7001953125,4594.0,4590.7001953125,4593.10009765625
2026-01-13 07:10:00,4593.2998046875,4593.89990234375,4592.39990234375,4593.5
2026-01-13 07:15:00,4593.0,4593.10009765625,4588.89990234375,4589.2001953125
2026-01-13 07:20:00,4589.2998046875,4590.5,4586.89990234375,4589.2001953125
2026-01-13 07:25:00,4589.2998046875,4593.2001953125,4588.89990234375,4592.10009765625
2026-01-13 07:30:00,4592.10009765625,4595.2998046875,4592.10009765625,4593.7001953125
2026-01-13 07:35:00,4594.0,4594.60009765625,4591.7998046875,4593.2001953125
2026-01-13 07:40:00,4593.5,4593.7998046875,4587.89990234375,4588.7001953125
2026-01-13 07:45:00,4588.5,4589.2001953125,4586.39990234375,4587.39990234375
2026-01-13 07:50:00,4587.39990234375,4589.10009765625,4585.7998046875,4586.0
2026-01-13 07:55:00,4585.89990234375,4590.89990234375,4585.60009765625,4589.10009765625
2026-01-13 08:00:00,4588.89990234375,4593.7998046875,4587.7998046875,4593.10009765625
2026-01-13 08:05:00,4593.60009765625,4596.7001953125,4593.60009765625,4595.89990234375
2026-01-13 08:10:00,4596.0,4600.5,4595.60009765625,4596.7001953125
2026-01-13 08:15:00,4596.5,4596.5,4593.7001953125,4596.2001953125
2026-01-13 08:20:00,4596.10009765625,4598.60009765625,4595.2998046875,4598.10009765625
2026-01-13 08:25:00,4598.10009765625,4601.5,4597.39990234375,4598.60009765625
2026-01-13 08:30:00,4598.7998046875,4602.2001953125,4597.89990234375,4602.0
2026-01-13 08:35:00,4602.2998046875,4605.39990234375,4602.2998046875,4603.7001953125
2026-01-13 08:40:00,4603.7001953125,4604.60009765625,4600.89990234375,4602.2001953125
2026-01-13 08:45:00,4602.2001953125,4604.0,4600.7998046875,4601.7001953125
2026-01-13 08:50:00,4602.39990234375,4603.0,4601.10009765625,4601.5
2026-01-13 08:55:00,4601.60009765625,4602.2001953125,4600.2001953125,4601.60009765625
2026-01-13 09:00:00,4601.10009765625,4602.89990234375,4598.2001953125,4600.0
2026-01-13 09:05:00,4599.60009765625,4604.10009765625,4599.10009765625,4603.2001953125
2026-01-13 09:10:00,4603.5,4603.7001953125,4602.5,4602.7998046875
2026-01-13 09:15:00,4602.5,4603.7998046875,4600.10009765625,4601.2001953125
2026-01-13 09:20:00,4601.2998046875,4601.5,4598.5,4598.60009765625
2026-01-13 09:25:00,4598.7001953125,4598.7998046875,4596.7998046875,4597.89990234375
2026-01-13 09:30:00,4597.89990234375,4598.7001953125,4597.2001953125,4598.0
2026-01-13 09:35:00,4598.0,4599.2998046875,4596.7998046875,4599.0
2026-01-13 09:40:00,4599.39990234375,4601.0,4595.39990234375,4599.5
2026-01-13 09:45:00,4599.2998046875,4600.0,4596.39990234375,4596.89990234375
2026-01-13 09:50:00,4596.89990234375,4597.39990234375,4594.7998046875,4594.89990234375
2026-01-13 09:55:00,4594.60009765625,4596.2998046875,4594.5,4595.2001953125
2026-01-13 10:00:00,4595.2998046875,4596.10009765625,4592.0,4592.10009765625
2026-01-13 10:05:00,4592.10009765625,4593.5,4591.60009765625,4592.60009765625
2026-01-13 10:10:00,4592.39990234375,4593.2001953125,4589.39990234375,4592.5
2026-01-13 10:15:00,4592.60009765625,4592.60009765625,4589.89990234375,4592.5
2026-01-13 10:20:00,4592.39990234375,4595.39990234375,4591.89990234375,4592.7001953125
2026-01-13 10:25:00,4592.89990234375,4595.10009765625,4592.60009765625,4593.60009765625
2026-01-13 10:30:00,4593.39990234375,4593.39990234375,4590.39990234375,4592.2998046875
2026-01-13 10:35:00,4592.39990234375,4594.39990234375,4590.60009765625,4593.89990234375
2026-01-13 10:40:00,4594.10009765625,4597.2998046875,4593.89990234375,4596.2998046875
2026-01-13 10:45:00,4596.2001953125,4596.2001953125,4594.7001953125,4594.7998046875
2026-01-13 10:50:00,4594.7001953125,4596.10009765625,4593.5,4594.89990234375
2026-01-13 10:55:00,4594.7001953125,4595.5,4594.2001953125,4595.0
2026-01-13 11:00:00,4595.2001953125,4597.7998046875,4594.89990234375,4594.89990234375
2026-01-13 11:05:00,4595.0,4596.2998046875,4594.60009765625,4594.89990234375
2026-01-13 11:10:00,4594.7998046875,4596.0,4593.60009765625,4593.7998046875
2026-01-13 11:15:00,4593.60009765625,4595.2001953125,4590.7998046875,4593.2001953125
2026-01-13 11:20:00,4593.5,4595.39990234375,4593.39990234375,4594.0
2026-01-13 11:25:00,4593.89990234375,4598.0,4593.89990234375,4595.7998046875
2026-01-13 11:30:00,4595.5,4595.7998046875,4595.0,4595.5
2026-01-13 11:35:00,4595.2998046875,4595.7998046875,4593.89990234375,4595.2001953125
2026-01-13 11:40:00,4595.0,4598.5,4594.7001953125,4598.39990234375
2026-01-13 11:45:00,4598.7998046875,4600.2998046875,4596.2001953125,4597.2998046875
2026-01-13 11:50:00,4597.60009765625,4600.7998046875,4595.2001953125,4595.39990234375
2026-01-13 11:55:00,4595.2998046875,4597.60009765625,4594.7998046875,4596.89990234375
2026-01-13 12:00:00,4597.0,4597.7001953125,4595.7001953125,4596.2998046875
2026-01-13 12:05:00,4596.2998046875,4596.2998046875,4593.2998046875,4594.39990234375
2026-01-13 12:10:00,4594.2998046875,4594.7998046875,4591.60009765625,4591.7998046875
2026-01-13 12:15:00,4591.89990234375,4593.10009765625,4591.2001953125,4592.10009765625
2026-01-13 12:20:00,4592.0,4592.5,4587.2998046875,4588.39990234375
2026-01-13 12:25:00,4588.10009765625,4589.39990234375,4586.2001953125,4589.0
2026-01-13 12:30:00,4588.89990234375,4589.2998046875,4587.7998046875,4588.60009765625
2026-01-13 12:35:00,4588.2998046875,4593.10009765625,4588.2998046875,4592.39990234375
2026-01-13 12:40:00,4592.5,4594.7998046875,4592.2001953125,4594.39990234375
2026-01-13 12:45:00,4594.2001953125,4598.5,4593.89990234375,4598.5
2026-01-13 12:50:00,4598.39990234375,4602.10009765625,4597.89990234375,4599.7001953125
2026-01-13 12:55:00,4599.7998046875,4603.89990234375,4599.60009765625,4602.0
2026-01-13 13:00:00,4601.7001953125,4605.39990234375,4599.10009765625,4602.5
2026-01-13 13:05:00,4602.60009765625,4607.2998046875,4602.10009765625,4607.2998046875
2026-01-13 13:10:00,4607.0,4614.89990234375,4605.2001953125,4611.5
2026-01-13 13:15:00,4611.60009765625,4614.7001953125,4609.0,4610.10009765625
2026-01-13 13:20:00,4610.39990234375,4615.39990234375,4608.2001953125,4614.2998046875
2026-01-13 13:25:00,4614.39990234375,4614.39990234375,4608.2001953125,4609.2998046875
2026-01-13 13:30:00,4609.39990234375,4623.89990234375,4609.39990234375,4622.7001953125
2026-01-13 13:35:00,4622.60009765625,4625.2001953125,4618.10009765625,4622.7998046875
2026-01-13 13:40:00,4622.7001953125,4629.0,4621.10009765625,4626.60009765625
2026-01-13 13:45:00,4626.5,4629.2998046875,4623.2998046875,4626.10009765625
2026-01-13 13:50:00,4626.39990234375,4626.89990234375,4620.60009765625,4621.7001953125
2026-01-13 13:55:00,4621.5,4621.60009765625,4615.39990234375,4619.5
2026-01-13 14:00:00,4619.5,4621.2001953125,4617.0,4619.60009765625
2026-01-13 14:05:00,4619.39990234375,4624.89990234375,4618.7998046875,4622.60009765625
2026-01-13 14:10:00,4622.60009765625,4627.2001953125,4619.7001953125,4626.7001953125
2026-01-13 14:15:00,4626.7001953125,4627.10009765625,4622.5,4622.5
2026-01-13 14:20:00,4622.7001953125,4632.0,4622.60009765625,4630.7001953125
2026-01-13 14:25:00,4630.39990234375,4631.2001953125,4626.2001953125,4626.60009765625
2026-01-13 14:30:00,4626.7001953125,4629.7998046875,4619.7998046875,4623.60009765625
2026-01-13 14:35:00,4623.7001953125,4629.5,4621.60009765625,4625.39990234375
2026-01-13 14:40:00,4625.7001953125,4635.0,4624.10009765625,4634.7998046875
2026-01-13 14:45:00,4634.7998046875,4643.5,4633.7001953125,4643.10009765625
2026-01-13 14:50:00,4643.10009765625,4644.0,4631.39990234375,4633.2998046875
2026-01-13 14:55:00,4633.39990234375,4642.2998046875,4632.10009765625,4638.89990234375
2026-01-13 15:00:00,4638.5,4639.89990234375,4623.2001953125,4628.5
2026-01-13 15:05:00,4628.7998046875,4631.60009765625,4625.7001953125,4628.5
2026-01-13 15:10:00,4628.60009765625,4634.0,4627.10009765625,4630.39990234375
2026-01-13 15:15:00,4630.5,4632.60009765625,4611.89990234375,4615.60009765625
2026-01-13 15:20:00,4615.5,4619.7998046875,4609.10009765625,4612.7001953125
2026-01-13 15:25:00,4613.0,4619.60009765625,4611.7998046875,4617.0
2026-01-13 15:30:00,4617.2001953125,4622.39990234375,4613.60009765625,4620.7998046875
2026-01-13 15:35:00,4620.7998046875,4621.89990234375,4613.5,4617.89990234375
2026-01-13 15:40:00,4617.7998046875,4625.0,4614.7998046875,4623.89990234375
2026-01-13 15:45:00,4623.2998046875,4626.89990234375,4622.5,4624.10009765625
2026-01-13 15:50:00,4624.0,4628.5,4621.39990234375,4624.60009765625
2026-01-13 15:55:00,4624.2001953125,4629.39990234375,4623.2998046875,4627.60009765625
2026-01-13 16:00:00,4627.7001953125,4629.5,4621.2998046875,4621.2998046875
2026-01-13 16:05:00,4621.5,4623.2998046875,4615.39990234375,4616.10009765625
2026-01-13 16:10:00,4616.0,4623.0,4615.5,4620.60009765625
2026-01-13 16:15:00,4620.7998046875,4621.60009765625,4615.39990234375,4618.5
2026-01-13 16:20:00,4618.39990234375,4619.39990234375,4612.39990234375,4614.89990234375
2026-01-13 16:25:00,4614.7001953125,4615.2001953125,4601.2998046875,4607.2998046875
2026-01-13 16:30:00,4606.89990234375,4615.7001953125,4605.5,4614.5
2026-01-13 16:35:00,4614.5,4616.2998046875,4609.89990234375,4616.2001953125
2026-01-13 16:40:00,4616.2001953125,4618.2998046875,4614.89990234375,4617.60009765625
2026-01-13 16:45:00,4617.60009765625,4621.10009765625,4616.2998046875,4619.60009765625
2026-01-13 16:50:00,4619.7998046875,4622.39990234375,4619.0,4621.39990234375
2026-01-13 16:55:00,4621.7001953125,4622.7998046875,4619.89990234375,4622.2001953125
2026-01-13 17:00:00,4622.2998046875,4624.89990234375,4621.89990234375,4622.2001953125
2026-01-13 17:05:00,4622.2001953125,4623.5,4619.39990234375,4620.39990234375
2026-01-13 17:10:00,4620.0,4621.39990234375,4615.39990234375,4617.2001953125
2026-01-13 17:15:00,4617.2998046875,4619.7998046875,4615.2001953125,4619.10009765625
2026-01-13 17:20:00,4619.2001953125,4621.2998046875,4617.89990234375,4620.89990234375
2026-01-13 17:25:00,4620.7998046875,4620.7998046875,4615.2998046875,4618.39990234375
2026-01-13 17:30:00,4618.5,4619.60009765625,4611.7001953125,4618.60009765625
2026-01-13 17:35:00,4618.2998046875,4620.7998046875,4616.5,4618.2001953125
2026-01-13 17:40:00,4618.10009765625,4619.0,4612.60009765625,4612.7998046875
2026-01-13 17:45:00,4612.60009765625,4615.39990234375,4610.2001953125,4610.39990234375
2026-01-13 17:50:00,4610.7001953125,4610.7001953125,4605.2998046875,4608.89990234375
2026-01-13 17:55:00,4608.89990234375,4609.2998046875,4595.0,4599.0
2026-01-13 18:00:00,4598.7998046875,4602.60009765625,4594.0,4597.60009765625
2026-01-13 18:05:00,4597.10009765625,4603.2998046875,4595.2998046875,4601.2998046875
2026-01-13 18:10:00,4601.39990234375,4603.10009765625,4599.7001953125,4603.0
2026-01-13 18:15:00,4603.0,4604.0,4592.2001953125,4594.7001953125
2026-01-13 18:20:00,4595.0,4597.89990234375,4589.5,4597.0
2026-01-13 18:25:00,4597.2001953125,4601.39990234375,4597.0,4600.2998046875
2026-01-13 18:30:00,4600.2001953125,4603.2998046875,4598.10009765625,4601.5
2026-01-13 18:35:00,4601.7001953125,4607.89990234375,4601.5,4607.5
2026-01-13 18:40:00,4607.2998046875,4608.89990234375,4606.39990234375,4608.5
2026-01-13 18:45:00,4608.60009765625,4610.2001953125,4607.5,4608.0
2026-01-13 18:50:00,4607.7998046875,4608.39990234375,4605.7998046875,4607.39990234375
2026-01-13 18:55:00,4607.2998046875,4607.2998046875,4602.0,4602.2998046875
2026-01-13 19:00:00,4602.60009765625,4602.60009765625,4592.39990234375,4595.5
2026-01-13 19:05:00,4596.10009765625,4602.89990234375,4594.5,4601.7001953125
2026-01-13 19:10:00,4601.0,4604.0,4598.7998046875,4603.7001953125
2026-01-13 19:15:00,4603.7998046875,4605.39990234375,4592.5,4599.39990234375
2026-01-13 19:20:00,4599.2001953125,4601.7998046875,4599.10009765625,4601.0
2026-01-13 19:25:00,4600.89990234375,4603.39990234375,4600.7001953125,4601.5
2026-01-13 19:30:00,4601.7998046875,4605.0,4600.5,4604.10009765625
2026-01-13 19:35:00,4603.89990234375,4606.60009765625,4600.7998046875,4606.39990234375
2026-01-13 19:40:00,4606.2001953125,4606.7998046875,4601.7001953125,4603.89990234375
2026-01-13 19:45:00,4604.0,4604.0,4598.2998046875,4600.39990234375
2026-01-13 19:50:00,4600.2998046875,4603.89990234375,4600.2998046875,4603.39990234375
2026-01-13 19:55:00,4603.7001953125,4606.60009765625,4603.7001953125,4605.2998046875
2026-01-13 20:00:00,4605.2998046875,4605.60009765625,4598.0,4600.10009765625
2026-01-13 20:05:00,4600.0,4602.2998046875,4598.0,4600.10009765625
2026-01-13 20:10:00,4599.89990234375,4602.89990234375,4599.5,4600.60009765625
2026-01-13 20:15:00,4600.5,4602.89990234375,4598.2998046875,4602.2001953125
2026-01-13 20:20:00,4602.2998046875,4603.2001953125,4599.2001953125,4600.5
2026-01-13 20:25:00,4600.7001953125,4601.2998046875,4595.2998046875,4596.60009765625
2026-01-13 20:30:00,4596.5,4597.0,4578.5,4580.0
2026-01-13 20:35:00,4579.7998046875,4587.2001953125,4576.7001953125,4584.2998046875
2026-01-13 20:40:00,4584.10009765625,4595.2001953125,4582.39990234375,4592.7001953125
2026-01-13 20:45:00,4593.0,4596.89990234375,4591.10009765625,4596.60009765625
2026-01-13 20:50:00,4596.2998046875,4596.89990234375,4591.0,4594.10009765625
2026-01-13 20:55:00,4594.2998046875,4594.7001953125,4590.2998046875,4594.10009765625
2026-01-13 21:00:00,4594.2001953125,4597.10009765625,4592.7998046875,4595.7001953125
2026-01-13 21:05:00,4595.7998046875,4596.39990234375,4593.7998046875,4594.10009765625
2026-01-13 21:10:00,4594.2998046875,4595.2998046875,4591.2998046875,4591.5
2026-01-13 21:15:00,4591.5,4594.89990234375,4590.7001953125,4594.0
2026-01-13 21:20:00,4594.10009765625,4595.39990234375,4593.60009765625,4594.89990234375
2026-01-13 21:25:00,4594.7998046875,4597.5,4594.7001953125,4595.7998046875
2026-01-13 21:30:00,4595.7998046875,4596.7001953125,4594.0,4595.10009765625
2026-01-13 21:35:00,4594.89990234375,4597.39990234375,4593.39990234375,4595.7998046875
2026-01-13 21:40:00,4595.7001953125,4597.10009765625,4594.5,4596.89990234375
2026-01-13 21:45:00,4597.0,4597.7998046875,4595.2998046875,4596.0
2026-01-13 21:50:00,4596.0,4596.2001953125,4595.0,4595.10009765625
2026-01-13 21:55:00,4595.39990234375,4595.7001953125,4593.7001953125,4594.39990234375
2026-01-13 23:00:00,4594.2998046875,4599.7998046875,4594.2998046875,4598.89990234375
2026-01-13 23:05:00,4598.5,4602.60009765625,4598.2998046875,4600.10009765625
2026-01-13 23:10:00,4600.2001953125,4603.10009765625,4599.7998046875,4602.89990234375
2026-01-13 23:15:00,4602.7998046875,4603.89990234375,4600.0,4602.0
2026-01-13 23:20:00,4602.10009765625,4603.5,4601.39990234375,4603.10009765625
2026-01-13 23:25:00,4603.2998046875,4605.2001953125,4603.2998046875,4604.5
2026-01-13 23:30:00,4604.60009765625,4604.60009765625,4601.89990234375,4603.0
2026-01-13 23:35:00,4603.2001953125,4604.10009765625,4601.7998046875,4604.10009765625
2026-01-13 23:40:00,4603.2001953125,4603.39990234375,4600.2001953125,4601.7001953125
2026-01-13 23:45:00,4602.10009765625,4603.60009765625,4600.7998046875,4603.2998046875
2026-01-13 23:50:00,4603.2001953125,4604.5,4601.5,4604.5
2026-01-13 23:55:00,4604.5,4606.5,4603.89990234375,4603.89990234375
2026-01-14 00:00:00,4604.39990234375,4611.0,4604.39990234375,4610.89990234375
2026-01-14 00:05:00,4610.5,4615.10009765625,4609.2001953125,4613.7001953125
2026-01-14 00:10:00,4613.7001953125,4614.2001953125,4611.7001953125,4612.2998046875
2026-01-14 00:15:00,4612.39990234375,4614.7001953125,4612.39990234375,4612.7001953125
2026-01-14 00:20:00,4612.89990234375,4613.2998046875,4610.2001953125,4611.0
2026-01-14 00:25:00,4611.0,4617.89990234375,4610.5,4616.89990234375
2026-01-14 00:30:00,4617.10009765625,4617.7998046875,4615.0,4616.10009765625
2026-01-14 00:35:00,4616.0,4616.5,4614.5,4615.60009765625
2026-01-14 00:40:00,4615.7998046875,4618.10009765625,4615.2001953125,4616.2001953125
2026-01-14 00:45:00,4616.10009765625,4616.10009765625,4612.39990234375,4612.89990234375
2026-01-14 00:50:00,4612.5,4614.89990234375,4612.2001953125,4613.7998046875
2026-01-14 00:55:00,4613.2998046875,4618.39990234375,4613.2001953125,4616.89990234375
2026-01-14 01:00:00,4617.2001953125,4623.2001953125,4613.7001953125,4622.60009765625
2026-01-14 01:05:00,4622.7998046875,4623.39990234375,4618.39990234375,4618.39990234375
2026-01-14 01:10:00,4618.10009765625,4624.0,4617.60009765625,4622.7001953125
2026-01-14 01:15:00,4622.2998046875,4626.0,4620.10009765625,4624.89990234375
2026-01-14 01:20:00,4624.7001953125,4626.10009765625,4619.39990234375,4619.39990234375
2026-01-14 01:25:00,4619.5,4624.2998046875,4619.5,4622.2001953125
2026-01-14 01:30:00,4622.5,4624.5,4620.89990234375,4623.0
2026-01-14 01:35:00,4622.39990234375,4626.5,4622.0,4625.7001953125
2026-01-14 01:40:00,4625.60009765625,4626.5,4622.2001953125,4622.7001953125
2026-01-14 01:45:00,4622.60009765625,4626.2001953125,4621.60009765625,4621.7998046875
2026-01-14 01:50:00,4621.89990234375,4627.60009765625,4621.60009765625,4627.10009765625
2026-01-14 01:55:00,4627.0,4627.60009765625,4626.2998046875,4626.7001953125
2026-01-14 02:00:00,4626.89990234375,4628.60009765625,4624.10009765625,4626.0
2026-01-14 02:05:00,4626.10009765625,4628.2998046875,4621.89990234375,4622.5
2026-01-14 02:10:00,4622.60009765625,4627.39990234375,4622.2998046875,4626.2001953125
2026-01-14 02:15:00,4625.7998046875,4627.10009765625,4624.5,4625.7001953125
2026-01-14 02:20:00,4625.7001953125,4629.60009765625,4625.7001953125,4628.7001953125
2026-01-14 02:25:00,4629.0,4629.10009765625,4627.5,4627.7998046875
2026-01-14 02:30:00,4628.0,4630.7001953125,4625.7998046875,4626.7001953125
2026-01-14 02:35:00,4626.7998046875,4630.2001953125,4626.2001953125,4628.89990234375
2026-01-14 02:40:00,4629.10009765625,4630.10009765625,4628.7001953125,4629.2998046875
2026-01-14 02:45:00,4629.10009765625,4631.5,4625.7001953125,4629.7001953125
2026-01-14 02:50:00,4629.5,4630.0,4627.39990234375,4628.39990234375
2026-01-14 02:55:00,4628.39990234375,4630.39990234375,4628.2998046875,4629.10009765625
2026-01-14 03:00:00,4628.7998046875,4631.10009765625,4628.39990234375,4630.2001953125
2026-01-14 03:05:00,4630.39990234375,4630.89990234375,4627.2998046875,4627.60009765625
2026-01-14 03:10:00,4627.60009765625,4628.7001953125,4625.7998046875,4626.2998046875
2026-01-14 03:15:00,4626.39990234375,4630.0,4625.89990234375,4629.5
2026-01-14 03:20:00,4629.2001953125,4629.7001953125,4626.7998046875,4627.2001953125
2026-01-14 03:25:00,4627.2001953125,4628.0,4621.5,4623.10009765625
2026-01-14 03:30:00,4623.2001953125,4629.39990234375,4623.0,4629.0
2026-01-14 03:35:00,4629.0,4633.39990234375,4628.5,4632.39990234375
2026-01-14 03:40:00,4632.2998046875,4633.10009765625,4630.2998046875,4632.39990234375
2026-01-14 03:45:00,4632.2998046875,4633.60009765625,4631.39990234375,4632.5
2026-01-14 03:50:00,4632.60009765625,4635.89990234375,4632.2998046875,4635.39990234375
2026-01-14 03:55:00,4635.7001953125,4638.89990234375,4633.5,4636.5
2026-01-14 04:00:00,4636.60009765625,4638.60009765625,4635.89990234375,4636.5
2026-01-14 04:05:00,4636.60009765625,4637.0,4635.2998046875,4635.7001953125
2026-01-14 04:10:00,4635.89990234375,4636.2998046875,4634.60009765625,4635.5
2026-01-14 04:15:00,4635.2001953125,4638.2998046875,4635.2001953125,4636.5
2026-01-14 04:20:00,4636.2998046875,4636.5,4633.89990234375,4634.7998046875
2026-01-14 04:25:00,4635.0,4635.2998046875,4633.0,4634.39990234375
2026-01-14 04:30:00,4634.2001953125,4636.5,4633.10009765625,4636.2001953125
2026-01-14 04:35:00,4636.2998046875,4637.7998046875,4635.60009765625,4636.7001953125
2026-01-14 04:40:00,4636.60009765625,4637.10009765625,4635.7001953125,4635.7998046875
2026-01-14 04:45:00,4635.7998046875,4637.89990234375,4634.7998046875,4637.2001953125
2026-01-14 04:50:00,4637.10009765625,4638.0,4635.7998046875,4637.2001953125
2026-01-14 04:55:00,4637.39990234375,4638.0,4635.2001953125,4636.0
2026-01-14 05:00:00,4636.7998046875,4646.7998046875,4636.7998046875,4645.60009765625
2026-01-14 05:05:00,4645.60009765625,4646.0,4641.7001953125,4642.5
2026-01-14 05:10:00,4642.2001953125,4643.2998046875,4640.2001953125,4641.2001953125
2026-01-14 05:15:00,4641.2001953125,4642.60009765625,4638.7998046875,4640.2001953125
2026-01-14 05:20:00,4640.2001953125,4641.2001953125,4638.10009765625,4641.10009765625
2026-01-14 05:25:00,4641.0,4642.7998046875,4639.7998046875,4641.60009765625
2026-01-14 05:30:00,4641.2001953125,4647.60009765625,4639.0,4646.0
2026-01-14 05:35:00,4645.7998046875,4646.10009765625,4642.7998046875,4644.2001953125
2026-01-14 05:40:00,4644.10009765625,4646.2998046875,4642.2998046875,4643.2001953125
2026-01-14 05:45:00,4643.60009765625,4647.10009765625,4642.10009765625,4646.7998046875
2026-01-14 05:50:00,4646.60009765625,4646.7001953125,4640.2998046875,4641.0
2026-01-14 05:55:00,4641.0,4641.0,4624.7001953125,4626.2998046875
2026-01-14 06:00:00,4626.2998046875,4634.39990234375,4625.2001953125,4633.89990234375
2026-01-14 06:05:00,4633.89990234375,4636.2998046875,4630.5,4633.2998046875
2026-01-14 06:10:00,4633.2001953125,4642.2001953125,4631.7998046875,4640.5
2026-01-14 06:15:00,4640.7001953125,4641.60009765625,4639.0,4640.0
2026-01-14 06:20:00,4639.89990234375,4642.0,4637.7001953125,4642.0
2026-01-14 06:25:00,4641.60009765625,4642.39990234375,4639.39990234375,4640.0
2026-01-14 06:30:00,4639.7001953125,4640.5,4633.39990234375,4633.5
2026-01-14 06:35:00,4633.5,4638.10009765625,4633.2001953125,4636.2998046875
2026-01-14 06:40:00,4636.2001953125,4639.2998046875,4635.7001953125,4637.7998046875
2026-01-14 06:45:00,4638.10009765625,4641.7998046875,4638.10009765625,4639.0
2026-01-14 06:50:00,4639.10009765625,4640.7001953125,4637.7001953125,4640.7001953125
2026-01-14 06:55:00,4640.60009765625,4644.60009765625,4640.60009765625,4644.5
2026-01-14 07:00:00,4644.7001953125,4645.7001953125,4640.0,4642.0
2026-01-14 07:05:00,4642.0,4642.39990234375,4639.2001953125,4639.39990234375
2026-01-14 07:10:00,4639.2998046875,4641.7998046875,4638.89990234375,4640.0
2026-01-14 07:15:00,4640.10009765625,4643.0,4639.2998046875,4642.2001953125
2026-01-14 07:20:00,4642.0,4646.10009765625,4640.0,4645.2001953125
2026-01-14 07:25:00,4645.5,4647.2001953125,4644.0,4644.2998046875
2026-01-14 07:30:00,4644.2998046875,4644.60009765625,4640.89990234375,4643.2998046875
2026-01-14 07:35:00,4643.39990234375,4645.2998046875,4643.10009765625,4643.7998046875
2026-01-14 07:40:00,4643.7998046875,4645.39990234375,4642.2998046875,4643.7001953125
2026-01-14 07:45:00,4644.0,4645.0,4641.60009765625,4643.10009765625
2026-01-14 07:50:00,4643.0,4644.10009765625,4640.60009765625,4641.10009765625
2026-01-14 07:55:00,4641.10009765625,4641.39990234375,4639.39990234375,4639.7001953125
2026-01-14 08:00:00,4639.89990234375,4641.5,4637.7998046875,4638.5
2026-01-14 08:05:00,4638.5,4638.7998046875,4631.39990234375,4631.7001953125
2026-01-14 08:10:00,4631.2998046875,4635.0,4630.5,4634.5
2026-01-14 08:15:00,4634.5,4635.0,4631.39990234375,4632.10009765625
2026-01-14 08:20:00,4632.2001953125,4635.89990234375,4630.2001953125,4634.60009765625
2026-01-14 08:25:00,4634.60009765625,4634.89990234375,4628.39990234375,4632.10009765625
2026-01-14 08:30:00,4632.2001953125,4636.7001953125,4631.5,4636.7001953125
2026-01-14 08:35:00,4636.60009765625,4638.10009765625,4635.5,4637.7998046875
2026-01-14 08:40:00,4637.7998046875,4639.5,4637.0,4639.39990234375
2026-01-14 08:45:00,4639.0,4644.89990234375,4638.5,4642.39990234375
2026-01-14 08:50:00,4642.39990234375,4643.39990234375,4640.39990234375,4641.60009765625
2026-01-14 08:55:00,4641.60009765625,4642.39990234375,4639.60009765625,4641.7998046875
2026-01-14 09:00:00,4641.89990234375,4642.10009765625,4640.10009765625,4641.60009765625
2026-01-14 09:05:00,4641.7998046875,4645.7001953125,4641.7998046875,4644.89990234375
2026-01-14 09:10:00,4644.89990234375,4646.39990234375,4642.39990234375,4645.60009765625
2026-01-14 09:15:00,4645.60009765625,4646.7001953125,4644.60009765625,4646.10009765625
2026-01-14 09:20:00,4646.2001953125,4646.39990234375,4643.39990234375,4644.2001953125
2026-01-14 09:25:00,4644.39990234375,4645.2001953125,4643.39990234375,4644.7001953125
2026-01-14 09:30:00,4644.7001953125,4644.89990234375,4641.0,4641.2001953125
2026-01-14 09:35:00,4641.0,4641.0,4637.2998046875,4637.5
2026-01-14 09:40:00,4637.2998046875,4637.7998046875,4634.5,4635.2998046875
2026-01-14 09:45:00,4635.2001953125,4637.7998046875,4634.7998046875,4637.2998046875
2026-01-14 09:50:00,4637.39990234375,4639.39990234375,4636.0,4637.10009765625
2026-01-14 09:55:00,4637.39990234375,4638.39990234375,4635.2001953125,4637.89990234375
2026-01-14 10:00:00,4637.89990234375,4638.60009765625,4635.39990234375,4638.5
2026-01-14 10:05:00,4638.60009765625,4640.10009765625,4636.7001953125,4637.5
2026-01-14 10:10:00,4637.7001953125,4639.7998046875,4635.7998046875,4639.60009765625
2026-01-14 10:15:00,4639.60009765625,4642.7998046875,4639.60009765625,4642.60009765625
2026-01-14 10:20:00,4642.89990234375,4643.7998046875,4640.0,4640.5
2026-01-14 10:25:00,4640.7001953125,4645.0,4640.5,4642.7001953125
2026-01-14 10:30:00,4642.7998046875,4643.7998046875,4640.2001953125,4643.2998046875
2026-01-14 10:35:00,4643.2001953125,4644.7001953125,4641.7001953125,4644.5
2026-01-14 10:40:00,4644.2998046875,4646.2001953125,4643.60009765625,4643.60009765625
2026-01-14 10:45:00,4644.0,4644.60009765625,4641.2001953125,4641.5
2026-01-14 10:50:00,4641.7001953125,4643.89990234375,4640.89990234375,4641.2001953125
2026-01-14 10:55:00,4641.2001953125,4641.5,4639.10009765625,4641.2001953125
2026-01-14 11:00:00,4641.10009765625,4643.39990234375,4638.10009765625,4643.2001953125
2026-01-14 11:05:00,4643.10009765625,4644.60009765625,4641.7001953125,4643.2001953125
2026-01-14 11:10:00,4643.39990234375,4644.5,4642.5,4643.60009765625
2026-01-14 11:15:00,4643.60009765625,4645.2998046875,4642.60009765625,4642.7001953125
2026-01-14 11:20:00,4643.0,4643.89990234375,4641.2001953125,4643.2998046875
2026-01-14 11:25:00,4643.10009765625,4644.7998046875,4637.5,4638.60009765625
2026-01-14 11:30:00,4638.7998046875,4641.0,4635.5,4635.7998046875
2026-01-14 11:35:00,4636.2001953125,4639.10009765625,4635.7998046875,4638.2998046875
2026-01-14 11:40:00,4638.39990234375,4640.0,4638.10009765625,4639.0
2026-01-14 11:45:00,4638.89990234375,4640.0,4636.5,4637.7001953125
2026-01-14 11:50:00,4637.89990234375,4639.2001953125,4634.10009765625,4637.5
2026-01-14 11:55:00,4637.2998046875,4639.7998046875,4635.60009765625,4638.5
2026-01-14 12:00:00,4638.60009765625,4645.89990234375,4638.2998046875,4643.0
2026-01-14 12:05:00,4643.10009765625,4646.2001953125,4643.10009765625,4645.0
2026-01-14 12:10:00,4644.7998046875,4646.39990234375,4642.7001953125,4643.2001953125
2026-01-14 12:15:00,4643.2001953125,4644.5,4641.60009765625,4643.5
2026-01-14 12:20:00,4643.89990234375,4643.89990234375,4642.0,4642.39990234375
2026-01-14 12:25:00,4645.60009765625,4646.0,4643.10009765625,4643.7001953125
2026-01-14 12:30:00,4643.7001953125,4645.89990234375,4643.0,4643.60009765625
2026-01-14 12:35:00,4643.60009765625,4644.7001953125,4642.2001953125,4643.39990234375
2026-01-14 12:40:00,4643.39990234375,4644.5,4642.0,4642.5
2026-01-14 12:45:00,4642.5,4644.2001953125,4641.7001953125,4644.0
2026-01-14 12:50:00,4644.10009765625,4644.7001953125,4642.89990234375,4644.2001953125
2026-01-14 12:55:00,4644.39990234375,4650.10009765625,4642.60009765625,4646.89990234375
2026-01-14 13:00:00,4647.0,4649.7998046875,4640.2001953125,4643.10009765625
2026-01-14 13:05:00,4643.2001953125,4643.2001953125,4637.2998046875,4637.60009765625
2026-01-14 13:10:00,4637.39990234375,4640.89990234375,4634.7001953125,4636.2998046875
2026-01-14 13:15:00,4636.0,4639.7998046875,4635.39990234375,4636.39990234375
2026-01-14 13:20:00,4636.7001953125,4643.60009765625,4635.2998046875,4642.89990234375
2026-01-14 13:25:00,4643.0,4643.10009765625,4636.0,4640.2001953125
2026-01-14 13:30:00,4639.7998046875,4641.39990234375,4631.2998046875,4637.89990234375
2026-01-14 13:35:00,4637.5,4640.7998046875,4632.39990234375,4640.5
2026-01-14 13:40:00,4640.39990234375,4645.2998046875,4638.5,4644.5
2026-01-14 13:45:00,4644.60009765625,4644.7998046875,4641.60009765625,4641.89990234375
2026-01-14 13:50:00,4641.7001953125,4643.60009765625,4637.0,4643.2998046875
2026-01-14 13:55:00,4643.39990234375,4644.39990234375,4641.60009765625,4643.7998046875
2026-01-14 14:00:00,4643.7001953125,4646.7001953125,4640.7998046875,4643.5
2026-01-14 14:05:00,4644.0,4645.0,4637.10009765625,4640.60009765625
2026-01-14 14:10:00,4640.60009765625,4642.7001953125,4638.0,4642.0
2026-01-14 14:15:00,4641.7001953125,4643.2001953125,4638.7001953125,4642.7001953125
2026-01-14 14:20:00,4642.7998046875,4645.7998046875,4642.7998046875,4643.7998046875
2026-01-14 14:25:00,4643.7998046875,4644.0,4640.2998046875,4642.7998046875
2026-01-14 14:30:00,4642.89990234375,4642.89990234375,4633.39990234375,4637.0
2026-01-14 14:35:00,4637.2998046875,4637.60009765625,4624.10009765625,4626.0
2026-01-14 14:40:00,4625.5,4631.2001953125,4621.10009765625,4625.7001953125
2026-01-14 14:45:00,4625.5,4628.0,4614.5,4615.0
2026-01-14 14:50:00,4615.10009765625,4624.7998046875,4613.89990234375,4622.7001953125
2026-01-14 14:55:00,4622.2998046875,4626.2998046875,4620.5,4624.5
2026-01-14 15:00:00,4624.39990234375,4624.39990234375,4609.2001953125,4612.60009765625
2026-01-14 15:05:00,4612.39990234375,4618.0,4605.89990234375,4611.60009765625
2026-01-14 15:10:00,4611.39990234375,4623.60009765625,4610.2001953125,4622.60009765625
2026-01-14 15:15:00,4622.39990234375,4630.5,4621.10009765625,4628.89990234375
2026-01-14 15:20:00,4629.0,4633.60009765625,4626.10009765625,4630.2001953125
2026-01-14 15:25:00,4630.60009765625,4631.7998046875,4621.0,4622.2998046875
2026-01-14 15:30:00,4622.2001953125,4626.10009765625,4616.2998046875,4617.10009765625
2026-01-14 15:35:00,4617.2001953125,4627.2001953125,4616.7001953125,4627.2001953125
2026-01-14 15:40:00,4627.0,4629.0,4618.2998046875,4620.0
2026-01-14 15:45:00,4619.60009765625,4624.10009765625,4618.60009765625,4620.0
2026-01-14 15:50:00,4619.7998046875,4622.0,4617.10009765625,4621.7998046875
2026-01-14 15:55:00,4621.7001953125,4626.2998046875,4621.7001953125,4624.7998046875
2026-01-14 16:00:00,4624.89990234375,4628.10009765625,4622.10009765625,4625.2998046875
2026-01-14 16:05:00,4625.60009765625,4628.5,4622.39990234375,4622.7001953125
2026-01-14 16:10:00,4623.0,4626.39990234375,4621.60009765625,4624.60009765625
2026-01-14 16:15:00,4624.5,4628.10009765625,4623.2001953125,4627.2001953125
2026-01-14 16:20:00,4627.2001953125,4630.2998046875,4626.39990234375,4629.2998046875
2026-01-14 16:25:00,4629.39990234375,4631.7001953125,4626.2001953125,4628.89990234375
2026-01-14 16:30:00,4628.89990234375,4630.39990234375,4624.7001953125,4626.10009765625
2026-01-14 16:35:00,4626.0,4628.5,4622.10009765625,4624.60009765625
2026-01-14 16:40:00,4624.39990234375,4625.7998046875,4621.0,4623.0
2026-01-14 16:45:00,4622.5,4623.89990234375,4617.89990234375,4617.89990234375
2026-01-14 16:50:00,4618.2001953125,4623.0,4616.7001953125,4619.7001953125
2026-01-14 16:55:00,4619.2998046875,4624.39990234375,4615.2998046875,4624.10009765625
2026-01-14 17:00:00,4624.0,4626.10009765625,4622.5,4623.2998046875
2026-01-14 17:05:00,4623.10009765625,4623.60009765625,4616.5,4621.39990234375
2026-01-14 17:10:00,4621.5,4624.2001953125,4618.7998046875,4622.7001953125
2026-01-14 17:15:00,4622.60009765625,4622.60009765625,4617.89990234375,4619.89990234375
2026-01-14 17:20:00,4620.2001953125,4621.10009765625,4613.60009765625,4614.10009765625
2026-01-14 17:25:00,4614.0,4619.10009765625,4612.2998046875,4617.89990234375
2026-01-14 17:30:00,4617.7998046875,4619.0,4612.39990234375,4615.2001953125
2026-01-14 17:35:00,4615.60009765625,4618.39990234375,4613.7998046875,4615.2998046875
2026-01-14 17:40:00,4615.10009765625,4615.2001953125,4607.7001953125,4611.0
2026-01-14 17:45:00,4611.0,4618.10009765625,4610.60009765625,4618.10009765625
2026-01-14 17:50:00,4617.89990234375,4620.2998046875,4615.5,4619.10009765625
2026-01-14 17:55:00,4619.39990234375,4623.7001953125,4618.7001953125,4621.2998046875
2026-01-14 18:00:00,4621.39990234375,4627.7998046875,4619.60009765625,4627.39990234375
2026-01-14 18:05:00,4627.5,4629.2998046875,4627.0,4627.60009765625
2026-01-14 18:10:00,4627.39990234375,4630.5,4627.0,4630.5
2026-01-14 18:15:00,4630.2998046875,4636.39990234375,4629.0,4633.89990234375
2026-01-14 18:20:00,4633.89990234375,4634.89990234375,4631.5,4633.60009765625
2026-01-14 18:25:00,4633.7998046875,4637.10009765625,4632.39990234375,4635.39990234375
2026-01-14 18:30:00,4635.60009765625,4640.0,4635.2998046875,4637.2001953125
2026-01-14 18:35:00,4637.39990234375,4637.7001953125,4635.39990234375,4636.2998046875
2026-01-14 18:40:00,4636.39990234375,4641.0,4636.2998046875,4638.7998046875
2026-01-14 18:45:00,4638.7998046875,4641.60009765625,4637.5,4639.60009765625
2026-01-14 18:50:00,4639.7001953125,4644.10009765625,4639.7001953125,4642.39990234375
2026-01-14 18:55:00,4642.5,4644.89990234375,4641.39990234375,4642.5
2026-01-14 19:00:00,4642.60009765625,4650.5,4642.60009765625,4644.60009765625
2026-01-14 19:05:00,4644.2001953125,4646.2001953125,4641.5,4642.5
2026-01-14 19:10:00,4642.7001953125,4644.60009765625,4640.7998046875,4644.60009765625
2026-01-14 19:15:00,4644.39990234375,4646.10009765625,4641.5,4645.7998046875
2026-01-14 19:20:00,4645.89990234375,4646.89990234375,4643.5,4646.7001953125
2026-01-14 19:25:00,4646.7001953125,4647.39990234375,4641.7001953125,4642.10009765625
2026-01-14 19:30:00,4642.39990234375,4645.2001953125,4641.60009765625,4644.2998046875
2026-01-14 19:35:00,4644.2001953125,4648.10009765625,4642.10009765625,4646.7998046875
2026-01-14 19:40:00,4646.5,4647.7998046875,4646.5,4647.2998046875
2026-01-14 19:45:00,4647.2001953125,4648.39990234375,4645.7998046875,4646.7001953125
2026-01-14 19:50:00,4646.7001953125,4649.10009765625,4645.7001953125,4646.2001953125
2026-01-14 19:55:00,4646.5,4647.5,4643.2998046875,4646.7001953125
2026-01-14 20:00:00,4646.7001953125,4648.7001953125,4634.2998046875,4639.0
2026-01-14 20:05:00,4639.2998046875,4646.0,4633.2998046875,4644.5
2026-01-14 20:10:00,4644.60009765625,4649.2001953125,4641.7998046875,4643.5
2026-01-14 20:15:00,4643.2998046875,4645.5,4638.7001953125,4644.89990234375
2026-01-14 20:20:00,4644.7001953125,4644.7998046875,4638.89990234375,4643.0
2026-01-14 20:25:00,4642.89990234375,4643.2001953125,4639.7998046875,4641.60009765625
2026-01-14 20:30:00,4641.60009765625,4643.10009765625,4637.5,4637.5
2026-01-14 20:35:00,4637.5,4641.2001953125,4633.2998046875,4640.39990234375
2026-01-14 20:40:00,4640.39990234375,4641.2001953125,4632.7001953125,4633.0
2026-01-14 20:45:00,4633.39990234375,4638.39990234375,4633.2998046875,4637.60009765625
2026-01-14 20:50:00,4637.60009765625,4640.0,4636.0,4639.60009765625
2026-01-14 20:55:00,4639.60009765625,4640.0,4637.89990234375,4639.2001953125
2026-01-14 21:00:00,4639.2998046875,4639.7998046875,4635.7998046875,4637.89990234375
2026-01-14 21:05:00,4638.0,4638.39990234375,4635.39990234375,4636.2998046875
2026-01-14 21:10:00,4636.5,4637.2998046875,4631.2001953125,4631.2001953125
2026-01-14 21:15:00,4631.0,4633.2998046875,4629.0,4632.39990234375
2026-01-14 21:20:00,4632.2998046875,4633.7001953125,4630.7001953125,4630.89990234375
2026-01-14 21:25:00,4630.7001953125,4630.7001953125,4627.2998046875,4629.10009765625
2026-01-14 21:30:00,4628.7001953125,4630.0,4626.7998046875,4627.5
2026-01-14 21:35:00,4627.5,4627.7998046875,4626.2001953125,4627.60009765625
2026-01-14 21:40:00,4627.2001953125,4627.7998046875,4623.60009765625,4627.7998046875
2026-01-14 21:45:00,4627.7998046875,4629.7001953125,4626.39990234375,4627.2998046875
2026-01-14 21:50:00,4627.39990234375,4634.0,4627.39990234375,4633.7998046875
2026-01-14 21:55:00,4633.2998046875,4636.0,4630.89990234375,4633.89990234375
2026-01-14 23:00:00,4635.7001953125,4637.2001953125,4624.2001953125,4627.0
2026-01-14 23:05:00,4627.2998046875,4627.89990234375,4616.7001953125,4617.0
2026-01-14 23:10:00,4616.7001953125,4622.2998046875,4616.5,4621.2001953125
2026-01-14 23:15:00,4620.7001953125,4623.2001953125,4615.0,4616.2998046875
2026-01-14 23:20:00,4616.2001953125,4617.0,4612.0,4612.39990234375
2026-01-14 23:25:00,4613.2001953125,4614.39990234375,4610.10009765625,4614.0
2026-01-14 23:30:00,4613.89990234375,4617.0,4612.60009765625,4614.10009765625
2026-01-14 23:35:00,4614.10009765625,4617.7998046875,4610.89990234375,4611.60009765625
2026-01-14 23:40:00,4611.2998046875,4611.7998046875,4607.2001953125,4611.0
2026-01-14 23:45:00,4611.10009765625,4618.7998046875,4611.10009765625,4617.89990234375
2026-01-14 23:50:00,4617.7998046875,4618.2001953125,4614.2998046875,4614.7998046875
2026-01-14 23:55:00,4615.10009765625,4620.7001953125,4615.0,4619.60009765625
2026-01-15 00:00:00,4619.39990234375,4621.5,4615.89990234375,4620.60009765625
2026-01-15 00:05:00,4620.2001953125,4622.0,4618.39990234375,4621.2998046875
2026-01-15 00:10:00,4621.7998046875,4622.2998046875,4619.2998046875,4621.0
2026-01-15 00:15:00,4620.7998046875,4622.7001953125,4619.0,4621.5
2026-01-15 00:20:00,4621.0,4622.39990234375,4618.7998046875,4622.0
2026-01-15 00:25:00,4622.0,4622.5,4620.0,4621.39990234375
2026-01-15 00:30:00,4621.5,4622.89990234375,4620.10009765625,4621.2998046875
2026-01-15 00:35:00,4621.0,4622.2998046875,4619.89990234375,4620.7001953125
2026-01-15 00:40:00,4620.5,4620.7001953125,4617.89990234375,4618.7001953125
2026-01-15 00:45:00,4618.39990234375,4619.7001953125,4614.89990234375,4615.2001953125
2026-01-15 00:50:00,4614.89990234375,4619.0,4614.5,4617.89990234375
2026-01-15 00:55:00,4618.2001953125,4622.10009765625,4618.2001953125,4619.2998046875
2026-01-15 01:00:00,4619.5,4620.89990234375,4611.2001953125,4614.2998046875
2026-01-15 01:05:00,4614.5,4622.0,4611.0,4621.10009765625
2026-01-15 01:10:00,4621.39990234375,4621.60009765625,4612.10009765625,4613.7998046875
2026-01-15 01:15:00,4613.60009765625,4614.89990234375,4607.0,4607.7001953125
2026-01-15 01:20:00,4607.89990234375,4610.10009765625,4601.89990234375,4602.5
2026-01-15 01:25:00,4602.5,4608.10009765625,4601.2998046875,4605.10009765625
2026-01-15 01:30:00,4604.89990234375,4605.2998046875,4587.5,4596.0
2026-01-15 01:35:00,4596.2001953125,4603.2998046875,4594.7001953125,4600.60009765625
2026-01-15 01:40:00,4600.2001953125,4607.10009765625,4598.60009765625,4606.5
2026-01-15 01:45:00,4606.5,4608.7998046875,4601.2998046875,4605.5
2026-01-15 01:50:00,4605.60009765625,4611.2001953125,4604.39990234375,4610.2001953125
2026-01-15 01:55:00,4610.5,4611.2001953125,4603.7001953125,4604.2998046875
2026-01-15 02:00:00,4604.0,4608.7998046875,4601.7001953125,4608.39990234375
2026-01-15 02:05:00,4608.39990234375,4615.39990234375,4608.2001953125,4614.39990234375
2026-01-15 02:10:00,4614.2998046875,4618.60009765625,4613.60009765625,4618.0
2026-01-15 02:15:00,4617.7998046875,4618.10009765625,4615.7001953125,4618.0
2026-01-15 02:20:00,4617.60009765625,4618.60009765625,4611.39990234375,4612.89990234375
2026-01-15 02:25:00,4612.5,4615.89990234375,4612.5,4615.2001953125
2026-01-15 02:30:00,4614.7001953125,4618.89990234375,4613.0,4614.0
2026-01-15 02:35:00,4614.2001953125,4615.2001953125,4608.2998046875,4609.7001953125
2026-01-15 02:40:00,4610.0,4613.0,4609.10009765625,4611.2998046875
2026-01-15 02:45:00,4611.5,4611.5,4603.7998046875,4608.10009765625
2026-01-15 02:50:00,4608.0,4608.10009765625,4599.39990234375,4602.60009765625
2026-01-15 02:55:00,4602.7998046875,4609.10009765625,4601.2001953125,4606.89990234375
2026-01-15 03:00:00,4606.60009765625,4608.10009765625,4601.39990234375,4602.2001953125
2026-01-15 03:05:00,4602.2001953125,4606.10009765625,4599.39990234375,4600.7001953125
2026-01-15 03:10:00,4601.2001953125,4602.7001953125,4593.5,4595.2998046875
2026-01-15 03:15:00,4595.0,4598.7998046875,4593.7001953125,4594.7998046875
2026-01-15 03:20:00,4594.5,4594.60009765625,4586.2001953125,4590.39990234375
2026-01-15 03:25:00,4590.2998046875,4591.60009765625,4584.7001953125,4588.7998046875
2026-01-15 03:30:00,4588.5,4594.10009765625,4584.5,4594.0
2026-01-15 03:35:00,4594.2998046875,4601.39990234375,4592.10009765625,4599.39990234375
2026-01-15 03:40:00,4599.5,4601.39990234375,4597.7001953125,4600.39990234375
2026-01-15 03:45:00,4600.10009765625,4600.2001953125,4592.89990234375,4597.5
2026-01-15 03:50:00,4597.5,4598.89990234375,4595.39990234375,4596.5
2026-01-15 03:55:00,4596.39990234375,4596.7998046875,4594.7001953125,4596.10009765625
2026-01-15 04:00:00,4595.7998046875,4598.2998046875,4591.2998046875,4593.10009765625
2026-01-15 04:05:00,4593.0,4594.89990234375,4590.7001953125,4591.2001953125
2026-01-15 04:10:00,4591.39990234375,4598.2001953125,4591.39990234375,4597.2998046875
2026-01-15 04:15:00,4597.2998046875,4598.39990234375,4595.7998046875,4596.60009765625
2026-01-15 04:20:00,4596.60009765625,4601.2001953125,4594.2998046875,4599.7998046875
2026-01-15 04:25:00,4599.5,4601.39990234375,4596.7998046875,4597.60009765625
2026-01-15 04:30:00,4597.7001953125,4599.0,4597.10009765625,4598.60009765625
2026-01-15 04:35:00,4598.60009765625,4599.7998046875,4597.2998046875,4598.7001953125
2026-01-15 04:40:00,4599.0,4599.7001953125,4592.7998046875,4594.2998046875
2026-01-15 04:45:00,4594.7998046875,4597.2001953125,4593.2998046875,4596.0
2026-01-15 04:50:00,4596.2998046875,4599.2001953125,4596.2001953125,4598.2998046875
2026-01-15 04:55:00,4598.39990234375,4599.10009765625,4596.0,4596.60009765625
2026-01-15 05:00:00,4595.7001953125,4596.0,4593.0,4593.10009765625
2026-01-15 05:05:00,4593.39990234375,4594.89990234375,4592.2001953125,4593.7001953125
2026-01-15 05:10:00,4593.7001953125,4596.10009765625,4591.10009765625,4591.2001953125
2026-01-15 05:15:00,4591.2998046875,4591.39990234375,4584.60009765625,4591.0
2026-01-15 05:20:00,4591.0,4592.2001953125,4589.10009765625,4590.7998046875
2026-01-15 05:25:00,4590.39990234375,4596.60009765625,4589.60009765625,4596.5
2026-01-15 05:30:00,4597.0,4597.7001953125,4586.39990234375,4588.7998046875
2026-01-15 05:35:00,4589.2001953125,4590.7001953125,4585.0,4586.7998046875
2026-01-15 05:40:00,4586.7998046875,4593.39990234375,4584.89990234375,4593.2001953125
2026-01-15 05:45:00,4593.2998046875,4595.2998046875,4591.2001953125,4595.0
2026-01-15 05:50:00,4595.60009765625,4602.60009765625,4595.10009765625,4600.7001953125
2026-01-15 05:55:00,4600.7001953125,4602.60009765625,4597.10009765625,4599.10009765625
2026-01-15 06:00:00,4598.89990234375,4604.7998046875,4597.39990234375,4603.39990234375
2026-01-15 06:05:00,4603.39990234375,4608.89990234375,4602.7998046875,4608.39990234375
2026-01-15 06:10:00,4608.60009765625,4612.2001953125,4606.7001953125,4609.2001953125
2026-01-15 06:15:00,4609.0,4613.2001953125,4608.60009765625,4613.2001953125
2026-01-15 06:20:00,4612.89990234375,4614.0,4609.5,4612.10009765625
2026-01-15 06:25:00,4612.10009765625,4612.60009765625,4607.89990234375,4607.89990234375
2026-01-15 06:30:00,4607.60009765625,4608.7001953125,4604.39990234375,4606.39990234375
2026-01-15 06:35:00,4606.2998046875,4611.7001953125,4605.2998046875,4609.7001953125
2026-01-15 06:40:00,4609.60009765625,4612.10009765625,4608.60009765625,4610.0
2026-01-15 06:45:00,4609.60009765625,4613.39990234375,4607.7001953125,4613.2001953125
2026-01-15 06:50:00,4613.10009765625,4614.7998046875,4610.60009765625,4614.2998046875
2026-01-15 06:55:00,4614.10009765625,4616.39990234375,4612.7001953125,4614.5
2026-01-15 07:00:00,4614.89990234375,4615.39990234375,4611.60009765625,4613.0
2026-01-15 07:05:00,4613.0,4613.7998046875,4610.2998046875,4613.0
2026-01-15 07:10:00,4612.89990234375,4614.10009765625,4611.60009765625,4613.89990234375
2026-01-15 07:15:00,4614.0,4618.0,4612.89990234375,4616.7998046875
2026-01-15 07:20:00,4616.7001953125,4616.7001953125,4613.2001953125,4614.2998046875
2026-01-15 07:25:00,4614.10009765625,4615.5,4613.2998046875,4614.7998046875
2026-01-15 07:30:00,4615.0,4615.7998046875,4613.2998046875,4613.7001953125
2026-01-15 07:35:00,4613.89990234375,4614.10009765625,4608.10009765625,4608.2001953125
2026-01-15 07:40:00,4608.0,4610.10009765625,4606.2001953125,4608.7001953125
2026-01-15 07:45:00,4608.39990234375,4609.10009765625,4605.89990234375,4607.89990234375
2026-01-15 07:50:00,4607.7998046875,4607.7998046875,4605.2001953125,4606.39990234375
2026-01-15 07:55:00,4606.5,4607.39990234375,4603.5,4606.10009765625
2026-01-15 08:00:00,4606.39990234375,4609.10009765625,4602.2001953125,4604.7998046875
2026-01-15 08:05:00,4604.5,4608.60009765625,4602.60009765625,4606.60009765625
2026-01-15 08:10:00,4606.39990234375,4609.10009765625,4604.89990234375,4608.2001953125
2026-01-15 08:15:00,4608.2001953125,4610.2001953125,4608.0,4610.0
2026-01-15 08:20:00,4609.89990234375,4610.5,4606.0,4607.39990234375
2026-01-15 08:25:00,4607.89990234375,4607.89990234375,4604.5,4606.2998046875
2026-01-15 08:30:00,4606.2001953125,4608.10009765625,4603.2001953125,4607.2001953125
2026-01-15 08:35:00,4607.10009765625,4609.2998046875,4605.60009765625,4609.2998046875
2026-01-15 08:40:00,4609.39990234375,4611.5,4608.39990234375,4610.60009765625
2026-01-15 08:45:00,4610.60009765625,4610.7998046875,4606.2998046875,4607.5
2026-01-15 08:50:00,4607.0,4608.2998046875,4606.89990234375,4607.2001953125
2026-01-15 08:55:00,4607.5,4609.39990234375,4605.2998046875,4608.2001953125
2026-01-15 09:00:00,4608.10009765625,4608.7998046875,4605.10009765625,4607.5
2026-01-15 09:05:00,4607.60009765625,4607.60009765625,4604.60009765625,4605.7001953125
2026-01-15 09:10:00,4606.0,4608.5,4606.0,4608.10009765625
2026-01-15 09:15:00,4608.2001953125,4608.7001953125,4606.10009765625,4606.7998046875
2026-01-15 09:20:00,4606.7001953125,4607.89990234375,4606.2001953125,4606.7001953125
2026-01-15 09:25:00,4606.7001953125,4609.7998046875,4606.7001953125,4608.7001953125
2026-01-15 09:30:00,4608.89990234375,4610.39990234375,4607.0,4609.7998046875
2026-01-15 09:35:00,4609.7001953125,4614.7001953125,4609.10009765625,4613.2998046875
2026-01-15 09:40:00,4613.2998046875,4615.5,4611.89990234375,4613.7001953125
2026-01-15 09:45:00,4613.60009765625,4616.7001953125,4612.2001953125,4616.39990234375
2026-01-15 09:50:00,4616.10009765625,4616.7001953125,4614.60009765625,4615.60009765625
2026-01-15 09:55:00,4615.7001953125,4617.2001953125,4614.89990234375,4616.89990234375
2026-01-15 10:00:00,4616.7001953125,4617.0,4613.39990234375,4613.7998046875
2026-01-15 10:05:00,4613.60009765625,4617.89990234375,4613.5,4615.60009765625
2026-01-15 10:10:00,4615.7998046875,4618.2998046875,4615.7001953125,4616.5
2026-01-15 10:15:00,4616.7001953125,4618.89990234375,4616.10009765625,4617.10009765625
2026-01-15 10:20:00,4617.2001953125,4620.10009765625,4616.39990234375,4619.0
2026-01-15 10:25:00,4619.10009765625,4619.39990234375,4615.10009765625,4616.2001953125
2026-01-15 10:30:00,4616.2001953125,4617.89990234375,4614.39990234375,4617.60009765625
2026-01-15 10:35:00,4617.2998046875,4622.39990234375,4617.2998046875,4622.0
2026-01-15 10:40:00,4622.2998046875,4623.7001953125,4620.60009765625,4622.2998046875
2026-01-15 10:45:00,4622.10009765625,4624.0,4621.10009765625,4623.2998046875
2026-01-15 10:50:00,4623.2001953125,4624.0,4621.39990234375,4623.7001953125
2026-01-15 10:55:00,4623.89990234375,4624.89990234375,4622.0,4624.2001953125
2026-01-15 11:00:00,4624.2998046875,4625.60009765625,4623.60009765625,4624.2001953125
2026-01-15 11:05:00,4624.5,4625.89990234375,4622.7001953125,4622.89990234375
2026-01-15 11:10:00,4622.7998046875,4624.2998046875,4622.7001953125,4623.10009765625
2026-01-15 11:15:00,4622.7001953125,4623.0,4621.2998046875,4621.60009765625
2026-01-15 11:20:00,4621.60009765625,4624.60009765625,4621.60009765625,4623.0
2026-01-15 11:25:00,4623.10009765625,4624.0,4621.7998046875,4623.39990234375
2026-01-15 11:30:00,4623.39990234375,4625.89990234375,4621.60009765625,4625.5
2026-01-15 11:35:00,4625.7001953125,4627.0,4625.0,4625.60009765625
2026-01-15 11:40:00,4625.5,4625.60009765625,4621.7001953125,4621.89990234375
2026-01-15 11:45:00,4622.0,4622.0,4619.60009765625,4621.10009765625
2026-01-15 11:50:00,4620.89990234375,4624.39990234375,4620.7001953125,4621.39990234375
2026-01-15 11:55:00,4621.39990234375,4623.89990234375,4620.2998046875,4623.39990234375
2026-01-15 12:00:00,4623.2998046875,4624.89990234375,4622.2998046875,4622.2998046875
2026-01-15 12:05:00,4622.5,4623.5,4619.89990234375,4621.2998046875
2026-01-15 12:10:00,4621.2998046875,4621.39990234375,4618.60009765625,4618.89990234375
2026-01-15 12:15:00,4619.10009765625,4619.89990234375,4618.0,4618.7001953125
2026-01-15 12:20:00,4618.60009765625,4620.7001953125,4618.39990234375,4620.2998046875
2026-01-15 12:25:00,4620.10009765625,4622.89990234375,4619.7998046875,4620.7001953125
2026-01-15 12:30:00,4620.60009765625,4621.2998046875,4619.60009765625,4619.89990234375
2026-01-15 12:35:00,4619.7998046875,4621.60009765625,4619.60009765625,4621.5
2026-01-15 12:40:00,4621.5,4622.7998046875,4620.5,4621.10009765625
2026-01-15 12:45:00,4621.2998046875,4621.7001953125,4617.39990234375,4618.39990234375
2026-01-15 12:50:00,4618.10009765625,4620.0,4616.60009765625,4616.89990234375
2026-01-15 12:55:00,4616.7998046875,4619.0,4615.7001953125,4617.89990234375
2026-01-15 13:00:00,4618.0,4620.2001953125,4614.10009765625,4615.0
2026-01-15 13:05:00,4614.7001953125,4619.2001953125,4613.7001953125,4616.7998046875
2026-01-15 13:10:00,4616.5,4618.39990234375,4614.7998046875,4615.5
2026-01-15 13:15:00,4615.2001953125,4618.0,4608.89990234375,4609.39990234375
2026-01-15 13:20:00,4609.2001953125,4613.60009765625,4608.39990234375,4611.39990234375
2026-01-15 13:25:00,4611.39990234375,4614.0,4606.2998046875,4609.89990234375
2026-01-15 13:30:00,4609.39990234375,4609.7001953125,4597.39990234375,4599.10009765625
2026-01-15 13:35:00,4598.7998046875,4601.2998046875,4594.5,4598.0
2026-01-15 13:40:00,4598.0,4599.7998046875,4591.7001953125,4593.7998046875
2026-01-15 13:45:00,4593.5,4594.39990234375,4584.0,4591.7001953125
2026-01-15 13:50:00,4591.39990234375,4598.10009765625,4591.10009765625,4594.5
2026-01-15 13:55:00,4594.2001953125,4595.5,4587.39990234375,4591.60009765625
2026-01-15 14:00:00,4591.60009765625,4598.10009765625,4586.2998046875,4595.39990234375
2026-01-15 14:05:00,4595.2001953125,4600.39990234375,4591.89990234375,4599.60009765625
2026-01-15 14:10:00,4599.7001953125,4603.89990234375,4599.7001953125,4603.7001953125
2026-01-15 14:15:00,4603.60009765625,4604.7998046875,4600.2998046875,4603.7998046875
2026-01-15 14:20:00,4603.7998046875,4609.5,4602.39990234375,4607.2001953125
2026-01-15 14:25:00,4607.0,4610.60009765625,4605.7998046875,4606.10009765625
2026-01-15 14:30:00,4606.2001953125,4615.7001953125,4605.2001953125,4611.7001953125
2026-01-15 14:35:00,4612.10009765625,4615.10009765625,4609.10009765625,4612.2998046875
2026-01-15 14:40:00,4612.60009765625,4614.7001953125,4605.89990234375,4606.2001953125
2026-01-15 14:45:00,4606.5,4613.7998046875,4603.89990234375,4612.60009765625
2026-01-15 14:50:00,4613.10009765625,4614.7998046875,4610.89990234375,4612.5
2026-01-15 14:55:00,4616.7001953125,4618.7998046875,4612.7998046875,4614.89990234375
2026-01-15 15:00:00,4614.7998046875,4619.0,4612.0,4613.0
2026-01-15 15:05:00,4613.2001953125,4616.2998046875,4608.2001953125,4612.60009765625
2026-01-15 15:10:00,4612.7998046875,4618.39990234375,4611.2001953125,4617.2998046875
2026-01-15 15:15:00,4617.5,4622.2998046875,4616.2998046875,4619.60009765625
2026-01-15 15:20:00,4619.7998046875,4621.89990234375,4618.39990234375,4620.60009765625
2026-01-15 15:25:00,4620.39990234375,4621.5,4617.60009765625,4621.0
2026-01-15 15:30:00,4621.0,4622.2998046875,4617.2001953125,4618.89990234375
2026-01-15 15:35:00,4619.0,4622.10009765625,4617.0,4618.0
2026-01-15 15:40:00,4618.10009765625,4618.89990234375,4614.0,4616.0
2026-01-15 15:45:00,4615.89990234375,4621.7001953125,4614.2998046875,4619.7001953125
2026-01-15 15:50:00,4620.0,4621.60009765625,4615.89990234375,4620.2001953125
2026-01-15 15:55:00,4620.2001953125,4621.0,4618.2998046875,4620.2001953125
2026-01-15 16:00:00,4620.0,4621.0,4613.89990234375,4614.5
2026-01-15 16:05:00,4614.5,4620.7998046875,4613.0,4619.89990234375
2026-01-15 16:10:00,4619.7001953125,4628.2001953125,4619.7001953125,4626.7998046875
2026-01-15 16:15:00,4626.89990234375,4630.10009765625,4624.7001953125,4625.39990234375
2026-01-15 16:20:00,4625.2001953125,4626.39990234375,4620.2001953125,4621.39990234375
2026-01-15 16:25:00,4621.0,4621.39990234375,4616.10009765625,4616.5
2026-01-15 16:30:00,4616.5,4618.10009765625,4613.7998046875,4614.5
2026-01-15 16:35:00,4614.10009765625,4617.0,4610.89990234375,4611.2001953125
2026-01-15 16:40:00,4611.2001953125,4612.60009765625,4609.0,4612.2001953125
2026-01-15 16:45:00,4611.89990234375,4611.89990234375,4607.7998046875,4608.5
2026-01-15 16:50:00,4608.2001953125,4611.0,4605.7001953125,4606.60009765625
2026-01-15 16:55:00,4606.60009765625,4612.2001953125,4606.2998046875,4610.2001953125
2026-01-15 17:00:00,4610.39990234375,4614.2001953125,4610.2998046875,4613.2001953125
2026-01-15 17:05:00,4612.89990234375,4616.0,4612.89990234375,4614.10009765625
2026-01-15 17:10:00,4614.2001953125,4616.0,4614.2001953125,4614.5
2026-01-15 17:15:00,4614.60009765625,4617.39990234375,4612.2998046875,4617.0
2026-01-15 17:20:00,4616.89990234375,4618.89990234375,4616.0,4617.5
2026-01-15 17:25:00,4617.60009765625,4618.2001953125,4615.0,4615.5
2026-01-15 17:30:00,4615.39990234375,4619.39990234375,4614.89990234375,4618.89990234375
2026-01-15 17:35:00,4619.0,4621.7998046875,4618.2998046875,4619.60009765625
2026-01-15 17:40:00,4619.5,4620.10009765625,4618.2001953125,4619.2001953125
2026-01-15 17:45:00,4619.39990234375,4621.7001953125,4618.60009765625,4620.0
2026-01-15 17:50:00,4619.89990234375,4620.7001953125,4618.60009765625,4618.7001953125
2026-01-15 17:55:00,4618.89990234375,4621.7001953125,4618.5,4621.5
2026-01-15 18:00:00,4621.39990234375,4625.2998046875,4621.39990234375,4623.7998046875
2026-01-15 18:05:00,4624.0,4624.7001953125,4621.2998046875,4623.2998046875
2026-01-15 18:10:00,4623.39990234375,4625.0,4622.5,4622.7998046875
2026-01-15 18:15:00,4622.7001953125,4625.0,4622.2001953125,4624.0
2026-01-15 18:20:00,4624.2998046875,4626.0,4623.0,4624.2998046875
2026-01-15 18:25:00,4624.2001953125,4625.89990234375,4622.2998046875,4624.10009765625
2026-01-15 18:30:00,4624.0,4624.0,4617.60009765625,4620.60009765625
2026-01-15 18:35:00,4621.0,4623.2998046875,4620.89990234375,4622.7998046875
2026-01-15 18:40:00,4622.7998046875,4623.0,4618.7998046875,4620.39990234375
2026-01-15 18:45:00,4620.2998046875,4624.2998046875,4620.10009765625,4623.2998046875
2026-01-15 18:50:00,4623.2998046875,4623.7001953125,4620.39990234375,4620.7998046875
2026-01-15 18:55:00,4620.60009765625,4622.10009765625,4620.5,4622.10009765625
2026-01-15 19:00:00,4622.2001953125,4624.89990234375,4621.89990234375,4623.89990234375
2026-01-15 19:05:00,4624.10009765625,4626.0,4622.60009765625,4625.7998046875
2026-01-15 19:10:00,4625.7001953125,4626.5,4623.39990234375,4623.60009765625
2026-01-15 19:15:00,4623.39990234375,4624.39990234375,4622.0,4623.7998046875
2026-01-15 19:20:00,4623.7001953125,4624.5,4623.2998046875,4624.10009765625
2026-01-15 19:25:00,4624.0,4625.2001953125,4622.60009765625,4622.7001953125
2026-01-15 19:30:00,4622.7001953125,4623.60009765625,4621.39990234375,4622.5
2026-01-15 19:35:00,4622.7001953125,4623.7001953125,4619.5,4620.7998046875
2026-01-15 19:40:00,4620.60009765625,4621.60009765625,4620.2001953125,4621.39990234375
2026-01-15 19:45:00,4621.2998046875,4621.89990234375,4619.7001953125,4620.2001953125
2026-01-15 19:50:00,4620.10009765625,4620.60009765625,4619.7001953125,4620.2001953125
2026-01-15 19:55:00,4620.10009765625,4620.7001953125,4616.7998046875,4620.0
2026-01-15 20:00:00,4620.2001953125,4620.7001953125,4616.60009765625,4618.5
2026-01-15 20:05:00,4618.2998046875,4619.39990234375,4609.5,4610.0
2026-01-15 20:10:00,4609.7998046875,4612.89990234375,4608.10009765625,4609.60009765625
2026-01-15 20:15:00,4609.60009765625,4613.0,4604.2001953125,4605.60009765625
2026-01-15 20:20:00,4605.5,4610.0,4605.10009765625,4607.10009765625
2026-01-15 20:25:00,4607.39990234375,4609.10009765625,4604.7001953125,4609.0
2026-01-15 20:30:00,4609.0,4612.10009765625,4607.60009765625,4611.2998046875
2026-01-15 20:35:00,4611.5,4613.39990234375,4609.0,4610.7001953125
2026-01-15 20:40:00,4611.0,4612.89990234375,4609.89990234375,4612.2998046875
2026-01-15 20:45:00,4612.5,4613.2998046875,4608.2998046875,4610.5
2026-01-15 20:50:00,4609.7998046875,4611.5,4608.7001953125,4609.7001953125
2026-01-15 20:55:00,4609.5,4611.2998046875,4607.39990234375,4609.7998046875
2026-01-15 21:00:00,4609.5,4614.39990234375,4608.5,4612.60009765625
2026-01-15 21:05:00,4612.60009765625,4616.10009765625,4612.5,4614.2998046875
2026-01-15 21:10:00,4614.39990234375,4616.2001953125,4614.2001953125,4616.2001953125
2026-01-15 21:15:00,4616.10009765625,4618.0,4615.2001953125,4617.60009765625
2026-01-15 21:20:00,4617.89990234375,4618.5,4617.0,4618.0
2026-01-15 21:25:00,4618.0,4619.60009765625,4617.5,4618.2001953125
2026-01-15 21:30:00,4618.2001953125,4619.5,4618.2001953125,4619.5
2026-01-15 21:35:00,4619.2998046875,4619.60009765625,4617.7001953125,4617.7998046875
2026-01-15 21:40:00,4617.7998046875,4619.7998046875,4617.7998046875,4619.7001953125
2026-01-15 21:45:00,4619.7998046875,4620.5,4618.7001953125,4618.89990234375
2026-01-15 21:50:00,4618.89990234375,4619.89990234375,4617.7001953125,4619.2998046875
2026-01-15 21:55:00,4619.2001953125,4620.60009765625,4618.7998046875,4620.5
2026-01-15 23:00:00,4621.60009765625,4624.39990234375,4620.10009765625,4622.7998046875
2026-01-15 23:05:00,4623.39990234375,4625.5,4621.10009765625,4623.5
2026-01-15 23:10:00,4623.5,4623.7001953125,4618.0,4618.2998046875
2026-01-15 23:15:00,4618.39990234375,4619.5,4616.89990234375,4618.0
2026-01-15 23:20:00,4617.7998046875,4619.2001953125,4616.0,4616.60009765625
2026-01-15 23:25:00,4616.7001953125,4617.60009765625,4613.10009765625,4613.7001953125
2026-01-15 23:30:00,4613.60009765625,4615.5,4611.2001953125,4612.2001953125
2026-01-15 23:35:00,4611.89990234375,4615.5,4611.60009765625,4613.2998046875
2026-01-15 23:40:00,4612.60009765625,4614.2998046875,4611.5,4612.5
2026-01-15 23:45:00,4612.2998046875,4612.89990234375,4610.60009765625,4610.7998046875
2026-01-15 23:50:00,4610.7998046875,4612.5,4610.7001953125,4612.2998046875
2026-01-15 23:55:00,4611.89990234375,4615.10009765625,4611.2998046875,4614.60009765625
2026-01-16 00:00:00,4614.2001953125,4614.5,4610.2998046875,4611.0
2026-01-16 00:05:00,4611.2001953125,4612.2001953125,4607.5,4609.39990234375
2026-01-16 00:10:00,4609.2998046875,4611.0,4608.89990234375,4610.10009765625
2026-01-16 00:15:00,4610.10009765625,4614.2998046875,4609.60009765625,4612.2998046875
2026-01-16 00:20:00,4612.5,4615.10009765625,4610.39990234375,4610.7998046875
2026-01-16 00:25:00,4610.89990234375,4612.2001953125,4610.2001953125,4611.89990234375
2026-01-16 00:30:00,4611.89990234375,4612.2998046875,4606.10009765625,4607.89990234375
2026-01-16 00:35:00,4608.0,4608.39990234375,4605.7998046875,4607.0
2026-01-16 00:40:00,4607.2998046875,4608.0,4605.0,4605.5
2026-01-16 00:45:00,4605.5,4605.7998046875,4603.60009765625,4605.0
2026-01-16 00:50:00,4604.7001953125,4605.0,4602.39990234375,4603.89990234375
2026-01-16 00:55:00,4604.0,4606.0,4603.60009765625,4604.39990234375
2026-01-16 01:00:00,4603.7998046875,4604.2998046875,4597.7998046875,4603.5
2026-01-16 01:05:00,4603.39990234375,4608.60009765625,4600.2998046875,4608.60009765625
2026-01-16 01:10:00,4608.2001953125,4609.5,4604.60009765625,4607.2001953125
2026-01-16 01:15:00,4607.7001953125,4609.60009765625,4603.7998046875,4606.7998046875
2026-01-16 01:20:00,4606.89990234375,4608.7001953125,4605.60009765625,4608.39990234375
2026-01-16 01:25:00,4608.60009765625,4611.2998046875,4607.39990234375,4609.7998046875
2026-01-16 01:30:00,4609.89990234375,4611.5,4605.10009765625,4605.7998046875
2026-01-16 01:35:00,4606.0,4611.10009765625,4605.7001953125,4609.10009765625
2026-01-16 01:40:00,4609.2001953125,4612.2998046875,4608.5,4609.0
2026-01-16 01:45:00,4609.0,4609.2001953125,4606.2001953125,4606.7998046875
2026-01-16 01:50:00,4606.39990234375,4608.39990234375,4604.5,4606.39990234375
2026-01-16 01:55:00,4605.2001953125,4607.2998046875,4603.2001953125,4604.7998046875
2026-01-16 02:00:00,4604.7998046875,4607.5,4602.7998046875,4605.0
2026-01-16 02:05:00,4605.10009765625,4607.2998046875,4603.5,4607.0
2026-01-16 02:10:00,4606.89990234375,4606.89990234375,4601.0,4601.39990234375
2026-01-16 02:15:00,4601.2998046875,4606.39990234375,4600.10009765625,4605.0
2026-01-16 02:20:00,4604.7998046875,4607.7001953125,4604.60009765625,4606.60009765625
2026-01-16 02:25:00,4606.7998046875,4607.2001953125,4602.5,4603.5
2026-01-16 02:30:00,4603.5,4604.7001953125,4597.10009765625,4598.2998046875
2026-01-16 02:35:00,4597.7001953125,4598.89990234375,4594.60009765625,4598.2001953125
2026-01-16 02:40:00,4597.7998046875,4599.7001953125,4597.39990234375,4599.39990234375
2026-01-16 02:45:00,4599.2001953125,4602.2001953125,4598.10009765625,4600.10009765625
2026-01-16 02:50:00,4599.7001953125,4601.89990234375,4595.89990234375,4596.0
2026-01-16 02:55:00,4595.89990234375,4598.39990234375,4595.0,4598.39990234375
2026-01-16 03:00:00,4598.2001953125,4601.60009765625,4597.60009765625,4600.2001953125
2026-01-16 03:05:00,4600.10009765625,4602.60009765625,4599.2001953125,4601.5
2026-01-16 03:10:00,4601.2998046875,4602.7001953125,4601.2001953125,4601.89990234375
2026-01-16 03:15:00,4602.0,4603.2001953125,4600.89990234375,4601.89990234375
2026-01-16 03:20:00,4602.10009765625,4602.60009765625,4599.2998046875,4600.2001953125
2026-01-16 03:25:00,4600.2001953125,4601.10009765625,4598.39990234375,4598.7998046875
2026-01-16 03:30:00,4598.60009765625,4599.39990234375,4595.89990234375,4596.10009765625
2026-01-16 03:35:00,4596.5,4600.5,4595.7998046875,4600.5
2026-01-16 03:40:00,4600.10009765625,4600.7001953125,4598.7998046875,4599.5
2026-01-16 03:45:00,4599.39990234375,4600.7998046875,4598.2998046875,4599.10009765625
2026-01-16 03:50:00,4599.0,4600.0,4598.7001953125,4599.7998046875
2026-01-16 03:55:00,4600.0,4600.60009765625,4599.0,4599.39990234375
2026-01-16 04:00:00,4599.39990234375,4602.0,4599.2001953125,4601.39990234375
2026-01-16 04:05:00,4601.39990234375,4602.10009765625,4600.5,4601.89990234375
2026-01-16 04:10:00,4602.0,4602.89990234375,4601.7001953125,4601.7998046875
2026-01-16 04:15:00,4602.0,4603.7998046875,4601.7998046875,4603.7998046875
2026-01-16 04:20:00,4603.5,4604.7001953125,4601.89990234375,4602.2001953125
2026-01-16 04:25:00,4602.10009765625,4602.60009765625,4601.60009765625,4601.89990234375
2026-01-16 04:30:00,4601.89990234375,4602.2001953125,4600.7001953125,4601.5
2026-01-16 04:35:00,4601.39990234375,4603.2998046875,4600.89990234375,4602.89990234375
2026-01-16 04:40:00,4603.2001953125,4604.2998046875,4602.60009765625,4603.2998046875
2026-01-16 04:45:00,4603.2998046875,4604.60009765625,4603.10009765625,4603.7001953125
2026-01-16 04:50:00,4603.39990234375,4603.89990234375,4602.5,4603.89990234375
2026-01-16 04:55:00,4604.0,4605.5,4603.60009765625,4604.60009765625
2026-01-16 05:00:00,4604.5,4604.7001953125,4602.7998046875,4603.2001953125
2026-01-16 05:05:00,4603.10009765625,4603.7998046875,4602.5,4603.10009765625
2026-01-16 05:10:00,4602.7001953125,4603.0,4598.60009765625,4599.7998046875
2026-01-16 05:15:00,4599.7001953125,4601.7001953125,4598.7001953125,4601.2001953125
2026-01-16 05:20:00,4601.2001953125,4604.0,4601.10009765625,4603.7998046875
2026-01-16 05:25:00,4603.7001953125,4605.0,4603.60009765625,4604.39990234375
2026-01-16 05:30:00,4604.39990234375,4606.89990234375,4599.60009765625,4602.2998046875
2026-01-16 05:35:00,4601.89990234375,4607.60009765625,4601.89990234375,4606.60009765625
2026-01-16 05:40:00,4606.60009765625,4610.5,4606.2998046875,4610.5
2026-01-16 05:45:00,4610.60009765625,4616.7001953125,4610.2001953125,4615.60009765625
2026-01-16 05:50:00,4615.7001953125,4617.5,4614.7001953125,4616.2998046875
2026-01-16 05:55:00,4616.10009765625,4620.2001953125,4614.89990234375,4615.39990234375
2026-01-16 06:00:00,4615.5,4616.2998046875,4610.60009765625,4610.89990234375
2026-01-16 06:05:00,4610.7998046875,4613.0,4610.2001953125,4611.7998046875
2026-01-16 06:10:00,4611.60009765625,4611.7998046875,4607.60009765625,4608.60009765625
2026-01-16 06:15:00,4608.7001953125,4611.0,4607.2001953125,4609.5
2026-01-16 06:20:00,4609.5,4613.0,4609.5,4612.10009765625
2026-01-16 06:25:00,4611.89990234375,4612.0,4608.10009765625,4608.2001953125
2026-01-16 06:30:00,4608.0,4612.10009765625,4606.0,4610.10009765625
2026-01-16 06:35:00,4610.39990234375,4610.7998046875,4608.10009765625,4608.89990234375
2026-01-16 06:40:00,4609.2998046875,4609.39990234375,4599.5,4599.7001953125
2026-01-16 06:45:00,4599.7998046875,4602.60009765625,4597.10009765625,4600.0
2026-01-16 06:50:00,4600.39990234375,4602.39990234375,4598.5,4600.2998046875
2026-01-16 06:55:00,4600.2001953125,4603.2001953125,4600.2001953125,4601.7998046875
2026-01-16 07:00:00,4601.5,4605.0,4600.5,4604.7001953125
2026-01-16 07:05:00,4604.7001953125,4610.0,4604.60009765625,4610.0
2026-01-16 07:10:00,4610.10009765625,4616.10009765625,4609.7001953125,4614.2001953125
2026-01-16 07:15:00,4614.10009765625,4614.10009765625,4611.2998046875,4613.0
2026-01-16 07:20:00,4613.0,4613.2998046875,4608.7998046875,4609.89990234375
2026-01-16 07:25:00,4609.0,4611.0,4608.89990234375,4609.89990234375
2026-01-16 07:30:00,4609.89990234375,4611.39990234375,4607.2998046875,4611.0
2026-01-16 07:35:00,4610.5,4616.2001953125,4610.5,4611.89990234375
2026-01-16 07:40:00,4611.89990234375,4612.5,4605.2998046875,4607.10009765625
2026-01-16 07:45:00,4607.2998046875,4613.7998046875,4605.7001953125,4612.0
2026-01-16 07:50:00,4612.2001953125,4612.89990234375,4610.7001953125,4611.5
2026-01-16 07:55:00,4611.39990234375,4613.10009765625,4611.0,4611.5
2026-01-16 08:00:00,4611.2001953125,4614.5,4609.39990234375,4612.2998046875
2026-01-16 08:05:00,4612.2001953125,4612.7998046875,4609.2998046875,4609.39990234375
2026-01-16 08:10:00,4609.2998046875,4612.60009765625,4608.7998046875,4609.0
2026-01-16 08:15:00,4608.7001953125,4611.60009765625,4608.60009765625,4611.2998046875
2026-01-16 08:20:00,4611.2001953125,4613.7001953125,4609.5,4613.5
2026-01-16 08:25:00,4613.7998046875,4614.7998046875,4611.2001953125,4611.39990234375
2026-01-16 08:30:00,4611.2001953125,4613.0,4610.2001953125,4610.2001953125
2026-01-16 08:35:00,4610.2001953125,4610.7001953125,4607.5,4609.39990234375
2026-01-16 08:40:00,4609.2001953125,4609.39990234375,4605.89990234375,4606.10009765625
2026-01-16 08:45:00,4605.89990234375,4607.0,4605.2001953125,4606.89990234375
2026-01-16 08:50:00,4606.89990234375,4611.10009765625,4606.39990234375,4610.39990234375
2026-01-16 08:55:00,4610.2998046875,4611.2998046875,4606.10009765625,4606.7998046875
2026-01-16 09:00:00,4606.7998046875,4608.7998046875,4605.89990234375,4608.7998046875
2026-01-16 09:05:00,4608.60009765625,4612.2001953125,4608.5,4609.7001953125
2026-01-16 09:10:00,4609.7001953125,4609.89990234375,4608.2001953125,4608.5
2026-01-16 09:15:00,4608.7001953125,4608.7998046875,4605.60009765625,4607.2001953125
2026-01-16 09:20:00,4607.2998046875,4607.89990234375,4604.39990234375,4605.10009765625
2026-01-16 09:25:00,4605.10009765625,4605.5,4603.2998046875,4604.60009765625
2026-01-16 09:30:00,4605.0,4605.5,4602.7001953125,4603.7998046875
2026-01-16 09:35:00,4603.60009765625,4604.60009765625,4603.0,4604.2998046875
2026-01-16 09:40:00,4604.10009765625,4607.39990234375,4603.60009765625,4607.39990234375
2026-01-16 09:45:00,4607.2001953125,4607.2998046875,4604.89990234375,4605.2998046875
2026-01-16 09:50:00,4605.0,4605.60009765625,4603.89990234375,4604.89990234375
2026-01-16 09:55:00,4605.0,4605.7998046875,4603.89990234375,4604.2001953125
2026-01-16 10:00:00,4604.10009765625,4608.7998046875,4604.10009765625,4608.5
2026-01-16 10:05:00,4608.60009765625,4609.5,4606.89990234375,4607.7998046875
2026-01-16 10:10:00,4608.10009765625,4611.60009765625,4608.10009765625,4610.60009765625
2026-01-16 10:15:00,4610.60009765625,4613.5,4610.60009765625,4612.60009765625
2026-01-16 10:20:00,4612.7998046875,4614.7998046875,4611.39990234375,4614.5
2026-01-16 10:25:00,4614.5,4615.10009765625,4611.39990234375,4611.5
2026-01-16 10:30:00,4611.2998046875,4613.39990234375,4610.60009765625,4612.7001953125
2026-01-16 10:35:00,4612.60009765625,4613.0,4611.5,4612.0
2026-01-16 10:40:00,4611.7998046875,4612.0,4610.7998046875,4611.5
2026-01-16 10:45:00,4611.2998046875,4612.60009765625,4611.2001953125,4611.7001953125
2026-01-16 10:50:00,4611.5,4612.39990234375,4606.39990234375,4607.5
2026-01-16 10:55:00,4607.2998046875,4608.39990234375,4603.60009765625,4604.10009765625
2026-01-16 11:00:00,4604.10009765625,4606.60009765625,4602.2998046875,4604.89990234375
2026-01-16 11:05:00,4605.2001953125,4606.0,4602.60009765625,4605.7998046875
2026-01-16 11:10:00,4605.7001953125,4610.7001953125,4605.10009765625,4610.39990234375
2026-01-16 11:15:00,4610.2998046875,4613.2998046875,4609.5,4613.0
2026-01-16 11:20:00,4612.89990234375,4614.2998046875,4612.39990234375,4613.7998046875
2026-01-16 11:25:00,4613.7001953125,4615.5,4612.39990234375,4615.10009765625
2026-01-16 11:30:00,4614.89990234375,4617.2998046875,4613.39990234375,4617.10009765625
2026-01-16 11:35:00,4617.2001953125,4617.89990234375,4615.7001953125,4616.7001953125
2026-01-16 11:40:00,4616.7998046875,4620.0,4616.7998046875,4619.7001953125
2026-01-16 11:45:00,4619.7001953125,4620.5,4616.60009765625,4617.7998046875
2026-01-16 11:50:00,4617.7001953125,4618.7998046875,4616.7998046875,4617.7001953125
2026-01-16 11:55:00,4617.60009765625,4618.7001953125,4616.5,4616.5
2026-01-16 12:00:00,4616.39990234375,4616.7998046875,4614.0,4614.10009765625
2026-01-16 12:05:00,4614.10009765625,4616.2001953125,4613.2001953125,4614.10009765625
2026-01-16 12:10:00,4614.10009765625,4615.7998046875,4613.7001953125,4615.0
2026-01-16 12:15:00,4615.10009765625,4617.0,4614.5,4615.7001953125
2026-01-16 12:20:00,4616.2001953125,4616.2001953125,4609.0,4609.7998046875
2026-01-16 12:25:00,4609.60009765625,4611.60009765625,4608.60009765625,4610.39990234375
2026-01-16 12:30:00,4610.5,4610.7001953125,4606.39990234375,4607.60009765625
2026-01-16 12:35:00,4607.2001953125,4608.2998046875,4606.39990234375,4607.89990234375
2026-01-16 12:40:00,4607.60009765625,4609.5,4607.0,4607.7001953125
2026-01-16 12:45:00,4607.60009765625,4609.7001953125,4606.2998046875,4609.2001953125
2026-01-16 12:50:00,4609.10009765625,4609.2001953125,4601.0,4604.7001953125
2026-01-16 12:55:00,4604.2998046875,4607.7001953125,4602.7001953125,4605.7001953125
2026-01-16 13:00:00,4605.7998046875,4609.89990234375,4602.0,4602.89990234375
2026-01-16 13:05:00,4602.60009765625,4607.7998046875,4601.2001953125,4601.2001953125
2026-01-16 13:10:00,4601.10009765625,4603.10009765625,4598.7998046875,4600.89990234375
2026-01-16 13:15:00,4600.89990234375,4602.2001953125,4587.0,4591.5
2026-01-16 13:20:00,4591.2001953125,4597.10009765625,4586.0,4594.39990234375
2026-01-16 13:25:00,4594.0,4597.5,4586.0,4590.5
2026-01-16 13:30:00,4590.7001953125,4600.7001953125,4588.5,4598.5
2026-01-16 13:35:00,4598.39990234375,4602.60009765625,4594.2998046875,4595.39990234375
2026-01-16 13:40:00,4595.2998046875,4605.7001953125,4594.60009765625,4603.10009765625
2026-01-16 13:45:00,4603.2001953125,4606.10009765625,4600.60009765625,4605.7001953125
2026-01-16 13:50:00,4605.7001953125,4607.0,4600.7001953125,4602.0
2026-01-16 13:55:00,4602.39990234375,4606.89990234375,4602.2998046875,4605.7001953125
2026-01-16 14:00:00,4605.7001953125,4607.60009765625,4602.10009765625,4607.60009765625
2026-01-16 14:05:00,4607.60009765625,4611.0,4607.10009765625,4607.7998046875
2026-01-16 14:10:00,4607.5,4612.60009765625,4606.39990234375,4611.0
2026-01-16 14:15:00,4611.10009765625,4613.2998046875,4608.2998046875,4608.39990234375
2026-01-16 14:20:00,4608.60009765625,4609.7001953125,4605.5,4606.2998046875
2026-01-16 14:25:00,4605.89990234375,4609.2001953125,4602.2001953125,4603.0
2026-01-16 14:30:00,4602.7998046875,4610.7001953125,4599.89990234375,4610.5
2026-01-16 14:35:00,4610.7998046875,4615.39990234375,4608.10009765625,4608.7001953125
2026-01-16 14:40:00,4609.0,4614.10009765625,4608.10009765625,4612.2998046875
2026-01-16 14:45:00,4612.60009765625,4618.89990234375,4610.89990234375,4618.0
2026-01-16 14:50:00,4618.2001953125,4618.7998046875,4613.39990234375,4617.60009765625
2026-01-16 14:55:00,4617.7001953125,4617.7998046875,4611.10009765625,4611.89990234375
2026-01-16 15:00:00,4611.39990234375,4619.60009765625,4611.2001953125,4619.0
2026-01-16 15:05:00,4619.2001953125,4624.60009765625,4619.2001953125,4621.60009765625
2026-01-16 15:10:00,4621.2998046875,4623.5,4619.2998046875,4620.7001953125
2026-01-16 15:15:00,4620.60009765625,4622.10009765625,4605.2001953125,4605.7998046875
2026-01-16 15:20:00,4606.5,4615.5,4592.2001953125,4592.39990234375
2026-01-16 15:25:00,4592.2998046875,4596.7001953125,4567.2998046875,4568.10009765625
2026-01-16 15:30:00,4567.7998046875,4573.39990234375,4539.10009765625,4547.39990234375
2026-01-16 15:35:00,4546.7001953125,4558.7998046875,4540.89990234375,4551.2001953125
2026-01-16 15:40:00,4550.89990234375,4559.89990234375,4547.0,4558.39990234375
2026-01-16 15:45:00,4558.60009765625,4575.39990234375,4558.60009765625,4573.5
2026-01-16 15:50:00,4573.7998046875,4575.2998046875,4563.2998046875,4573.5
2026-01-16 15:55:00,4573.60009765625,4579.0,4570.2998046875,4574.7998046875
2026-01-16 16:00:00,4574.60009765625,4583.5,4570.7998046875,4582.2998046875
2026-01-16 16:05:00,4582.5,4594.0,4581.89990234375,4589.7001953125
2026-01-16 16:10:00,4590.2998046875,4597.2998046875,4587.2001953125,4596.7998046875
2026-01-16 16:15:00,4597.2001953125,4598.7998046875,4588.7001953125,4594.7001953125
2026-01-16 16:20:00,4595.0,4600.0,4591.0,4596.10009765625
2026-01-16 16:25:00,4596.2998046875,4601.7001953125,4593.60009765625,4596.39990234375
2026-01-16 16:30:00,4597.0,4600.10009765625,4592.7998046875,4594.39990234375
2026-01-16 16:35:00,4594.7998046875,4603.2001953125,4594.7998046875,4599.39990234375
2026-01-16 16:40:00,4599.60009765625,4603.89990234375,4598.7998046875,4600.89990234375
2026-01-16 16:45:00,4601.0,4602.2001953125,4590.5,4591.7998046875
2026-01-16 16:50:00,4591.89990234375,4594.5,4586.7001953125,4589.89990234375
2026-01-16 16:55:00,4590.2001953125,4598.39990234375,4589.0,4595.7998046875
2026-01-16 17:00:00,4596.2001953125,4596.60009765625,4590.7998046875,4592.7998046875
2026-01-16 17:05:00,4592.7998046875,4597.89990234375,4589.60009765625,4594.2001953125
2026-01-16 17:10:00,4594.10009765625,4597.5,4593.2001953125,4594.7001953125
2026-01-16 17:15:00,4594.60009765625,4595.2998046875,4588.7998046875,4588.89990234375
2026-01-16 17:20:00,4588.60009765625,4591.10009765625,4583.0,4589.0
2026-01-16 17:25:00,4589.0,4589.2001953125,4581.0,4583.5
2026-01-16 17:30:00,4583.2998046875,4589.7001953125,4581.60009765625,4587.89990234375
2026-01-16 17:35:00,4588.2001953125,4591.10009765625,4586.7001953125,4589.7001953125
2026-01-16 17:40:00,4589.10009765625,4590.39990234375,4585.2998046875,4585.2998046875
2026-01-16 17:45:00,4585.2001953125,4587.0,4583.5,4585.5
2026-01-16 17:50:00,4585.2998046875,4588.7001953125,4585.2998046875,4586.39990234375
2026-01-16 17:55:00,4586.2998046875,4587.60009765625,4585.0,4586.0
2026-01-16 18:00:00,4586.0,4593.7998046875,4584.7001953125,4592.39990234375
2026-01-16 18:05:00,4592.7001953125,4592.7998046875,4587.39990234375,4590.39990234375
2026-01-16 18:10:00,4590.2001953125,4591.10009765625,4586.60009765625,4589.2001953125
2026-01-16 18:15:00,4589.2001953125,4591.7998046875,4586.60009765625,4589.2001953125
2026-01-16 18:20:00,4589.89990234375,4595.7001953125,4589.39990234375,4593.10009765625
2026-01-16 18:25:00,4593.39990234375,4596.89990234375,4592.7998046875,4595.2998046875
2026-01-16 18:30:00,4595.2998046875,4601.10009765625,4593.39990234375,4599.10009765625
2026-01-16 18:35:00,4599.0,4599.7001953125,4596.10009765625,4598.10009765625
2026-01-16 18:40:00,4598.5,4601.10009765625,4597.7001953125,4600.39990234375
2026-01-16 18:45:00,4600.5,4601.0,4592.0,4594.10009765625
2026-01-16 18:50:00,4594.2998046875,4595.2001953125,4592.2001953125,4592.7001953125
2026-01-16 18:55:00,4592.89990234375,4593.2001953125,4587.39990234375,4587.89990234375
2026-01-16 19:00:00,4587.7998046875,4591.10009765625,4586.2001953125,4591.10009765625
2026-01-16 19:05:00,4591.10009765625,4593.60009765625,4589.60009765625,4590.0
2026-01-16 19:10:00,4589.7001953125,4590.89990234375,4587.7001953125,4589.2998046875
2026-01-16 19:15:00,4589.10009765625,4591.2001953125,4585.7998046875,4588.7001953125
2026-01-16 19:20:00,4588.60009765625,4591.39990234375,4586.7001953125,4590.2001953125
2026-01-16 19:25:00,4590.2001953125,4590.2998046875,4588.2001953125,4588.89990234375
2026-01-16 19:30:00,4588.89990234375,4593.10009765625,4588.89990234375,4593.0
2026-01-16 19:35:00,4593.2998046875,4595.0,4592.39990234375,4593.5
2026-01-16 19:40:00,4593.5,4596.7001953125,4593.0,4594.2001953125
2026-01-16 19:45:00,4594.2001953125,4595.5,4593.2998046875,4594.60009765625
2026-01-16 19:50:00,4594.7001953125,4597.10009765625,4593.2001953125,4595.60009765625
2026-01-16 19:55:00,4595.7998046875,4597.2001953125,4594.60009765625,4595.2001953125
2026-01-16 20:00:00,4595.2998046875,4599.7998046875,4593.39990234375,4599.10009765625
2026-01-16 20:05:00,4599.39990234375,4600.2001953125,4597.39990234375,4599.10009765625
2026-01-16 20:10:00,4599.10009765625,4599.10009765625,4596.10009765625,4597.60009765625
2026-01-16 20:15:00,4597.60009765625,4597.7998046875,4593.89990234375,4594.2001953125
2026-01-16 20:20:00,4594.0,4595.5,4593.0,4594.10009765625
2026-01-16 20:25:00,4594.10009765625,4594.2998046875,4592.10009765625,4593.0
2026-01-16 20:30:00,4592.60009765625,4592.60009765625,4585.0,4588.2998046875
2026-01-16 20:35:00,4588.60009765625,4591.7998046875,4587.2998046875,4589.60009765625
2026-01-16 20:40:00,4589.7998046875,4591.89990234375,4588.89990234375,4589.0
2026-01-16 20:45:00,4588.7998046875,4590.7001953125,4588.7001953125,4590.39990234375
2026-01-16 20:50:00,4590.7001953125,4593.89990234375,4590.0,4593.7001953125
2026-01-16 20:55:00,4593.89990234375,4593.89990234375,4586.7998046875,4587.2998046875
2026-01-16 21:00:00,4587.2001953125,4590.2998046875,4587.2001953125,4588.10009765625
2026-01-16 21:05:00,4588.10009765625,4589.10009765625,4587.39990234375,4588.2998046875
2026-01-16 21:10:00,4588.39990234375,4591.39990234375,4588.2001953125,4591.0
2026-01-16 21:15:00,4591.0,4602.10009765625,4590.60009765625,4601.7001953125
2026-01-16 21:20:00,4601.7001953125,4602.0,4597.0,4597.10009765625
2026-01-16 21:25:00,4597.0,4597.5,4595.10009765625,4596.2001953125
2026-01-16 21:30:00,4596.10009765625,4597.5,4595.60009765625,4595.60009765625
2026-01-16 21:35:00,4596.0,4599.39990234375,4596.0,4598.89990234375
2026-01-16 21:40:00,4599.0,4599.7998046875,4597.2001953125,4598.2998046875
2026-01-16 21:45:00,4598.39990234375,4600.0,4598.2998046875,4599.0
2026-01-16 21:50:00,4599.0,4600.2001953125,4598.2998046875,4599.60009765625
2026-01-16 21:55:00,4599.7001953125,4601.2001953125,4595.39990234375,4595.39990234375
2026-01-16 21:59:55,4595.39990234375,4595.39990234375,4595.39990234375,4595.39990234375
